text,label,cleaned_text
Imagine how many have done this already and got away with entering ,0,imagine many done already got away entering
JW filed a FOIA lawsuit against State Treasury seeking answers on Obama Admin's $400 million cash pymt to Iran. ,0,jw filed foia lawsuit state treasury seeking answer obama admin million cash pymt iran
I am curious as to how many priests impregnanted young girls and used abortion to ,0,curious many priest impregnanted young girl used abortion
"Should read blames Obama, diminishes the intelligence community and slams CNN and ",0,read blame obama diminishes intelligence community slam cnn
"Global Payroll Specialist Assistant Manager, Dublin - ",0,global payroll specialist assistant manager dublin
White gay: but I thought the b in lgbt stands for babadook ,1,white gay thought b lgbt stand babadook
Dear you - your husband worked the rescue boats in the Med. Plse may we chat off record katie@katiehopkins.co.uk ,0,dear husband worked rescue boat med plse may chat record katie
They were conducted by two priests to a bench placed in front of the house in the open ,0,conducted two priest bench placed front house open
No body can convince me that Barak Hussein Obama was working to weaken America since his ideology is well known and it is compared to ,0,body convince barak hussein obama working weaken america since ideology well known compared
Trump: Obama Knew About Election Meddling Back In Early August And Did Nothi (pls ️️ ,0,trump obama knew election meddling back early august nothi pls
It's a sign of the current weakness of UK liberal centre that it's most popular commentators such as are ,0,sign current weakness uk liberal centre popular commentator
has just given a speech exposing the flaws in our the PM's approach to the Brexit negotiations here&gt; ,0,given speech exposing flaw pm approach brexit negotiation gt
Media never show anything against Maulvees Priests as dey have enough plots 2 defame Hindu saints. ,0,medium never show anything maulvees priest dey enough plot defame hindu saint
Bitch can't sleeep at all. Too much on my ,0,bitch sleeep much
'09 Obama - Listen up Racists Elections have consequences. Peaceful transition of power! If Dem's aren't Seditious… ,0,obama listen racist election consequence peaceful transition power dem seditious
"Leave Hobby Lobby alone! God expressly stated no birth control and no gay marriage, but never said anything about ",0,leave hobby lobby alone god expressly stated birth control gay marriage never said anything
bullshit asymmetry post feat. ,0,bullshit asymmetry post feat
I'm a political opinionated patriotic secular liberal center kind of guy .... and I choose to speak for… ,0,political opinionated patriotic secular liberal center kind guy choose speak
yeah this must hurt like a bitch ,0,yeah must hurt like bitch
"Pearl: To begin, this Holopearl will be your opponent. Holopearl: Level zero beginner set! Do you wish to engage in ",0,pearl begin holopearl opponent holopearl level zero beginner set wish engage
A huge legal 'flaw' in Brexit could make it vulnerable to a court challenge ,0,huge legal flaw brexit could make vulnerable court challenge
Let's kill the childish lie that Labour supports the Tories on ,0,let kill childish lie labour support tory
Best thing for is back defending paedophile priests. Pell needs his help RIGHT now ,0,best thing back defending paedophile priest pell need help right
Third sign in three days Brexit is hurting the economy ,0,third sign three day brexit hurting economy
"Donald Trump Is Not a ""Legitimate President"" JohnLewis is a TRAITOR to AMERICANS who voted for DJT! ",1,donald trump legitimate president johnlewis traitor american voted djt
Why you talking to your daddy like an underpaid ,0,talking daddy like underpaid
"Hearts in Ireland | Ian Cathro talks Perry Kitchen, midfield reinforcements &amp; Kyle Lafferty debut… ",0,heart ireland ian cathro talk perry kitchen midfield reinforcement amp kyle lafferty debut
Good morning! Intense week of press coverage for The new Hotel on ,0,good morning intense week press coverage new hotel
Lived experience vs ideology - Caller Tells Katie: Working With Migrants Changed My 'Liberal' Husband ,0,lived experience v ideology caller tell katie working migrant changed liberal husband
Jdb Justin ,0,jdb justin
Death of talented teen footballer (16) from 'cocaine-like' designer drug is first recorded in Ireland… ,0,death talented teen footballer cocaine like designer drug first recorded ireland
BBC News - Exorcism in Italy a job 'too scary' for young priests ,0,bbc news exorcism italy job scary young priest
If Obama did ANY of the lunatic things has done since taking office the would have literally set the White ,0,obama lunatic thing done since taking office would literally set white
"It's back with Southern Ireland, where it ",0,back southern ireland
Obsessed with Obama who's presidency history will see as remarkable. 0 convictions from the black POTUS. How ,0,obsessed obama presidency history see remarkable conviction black potus
gay ,0,gay
Raising real concerns on behalf of and but no assurance or answer from govt ,0,raising real concern behalf assurance answer govt
Trump administration begins pushing Obama’s tax policies ,0,trump administration begin pushing obama tax policy
A beautiful spot next to Dromoland Castle. Co Clare Ireland. ,0,beautiful spot next dromoland castle co clare ireland
'First they came for Katie Hopkins' was a joke but 'then they came for Luciana and I did not speak out for ,0,first came katie hopkins joke came luciana speak
Boris Johnson is an idiot.your version of Donald Trump.We don't care what he thinks or ,1,boris johnson idiot version donald trump care think
The EU's chief Brexit negotiator says 'frictionless trade' is 'not possible' after Britain leaves ,0,eu chief brexit negotiator say frictionless trade possible britain leaf
Jimmy tell us about dlf Ireland research and deve… ,0,jimmy tell u dlf ireland research deve
Hacked computer server that handled DNC email remains out of reach of Russia investigators by Obama AG Lynch order ,0,hacked computer server handled dnc email remains reach russia investigator obama ag lynch order
Sleep with the fishes: Gove's first move raises alarm over UK hard Brexit strategy via ,0,sleep fish gove first move raise alarm uk hard brexit strategy via
my mirror: YAS BITCH YOU LOOK AMAZING! SLAY! my phone camera: ,0,mirror yas bitch look amazing slay phone camera
376. ) thanks Obama ,0,thanks obama
"Liberal man goes to rescue refugees, starts hating refugees. ",1,liberal man go rescue refugee start hating refugee
It isn't going to work. It will most hurt those who voted for it. I've lost my struggle to be optimistic about Brexit. ,0,going work hurt voted lost struggle optimistic brexit
Ireland ,0,ireland
"Another hour! It's July 06, 2017 at 07:00AM Justin ",0,another hour july justin
dam I'm a hard ass bitch ,0,dam hard as bitch
"""amount of energy necessary to refute Brexit bullshit is order of magnitude bigger than to produce it"" By ",0,amount energy necessary refute brexit bullshit order magnitude bigger produce
Donald Trump lays out the truth about Obama and the globalists on the world stage. You can't put thi… ,0,donald trump lay truth obama globalists world stage put thi
IM LIKE GAWD DAMN YOU DIRTY BITCH ,1,im like gawd damn dirty bitch
"U.S. President Donald Trump says ""nations must publicly demonstrate to North Korea that there are consequences for ",0,u president donald trump say nation must publicly demonstrate north korea consequence
Must have to pose as tolerant and caring liberal while making homosexual slurs like Making Star ,1,must pose tolerant caring liberal making homosexual slur like making star
Find out all about the stories team behind Ireland's Gin in our 'Meet the Maker' interview:… ,0,find story team behind ireland gin meet maker interview
Its the sorta shit a Katie Hopkins or Tommy Rob idoliser would say...gives away there ,0,sorta shit katie hopkins tommy rob idoliser would say give away
"Yes! Bcs we love and respect unconditionally,treat him like an human being, an artist and a ",0,yes bcs love respect unconditionally treat like human artist
Long hair and a flat top is gay ,1,long hair flat top gay
I very rarely agree with Catholic priests but this I completely agree with. ,0,rarely agree catholic priest completely agree
CNN threatened to publish his name and address you old billy goat! Whose side… ,1,cnn threatened publish name address old billy goat whose side
"(4) More photos of Justin Bieber spotted out in Sydney, Australia today. (July 6) ",0,photo justin bieber spotted sydney australia today july
Its not gay to respect women. But it is pussy to love a ,1,gay respect woman pussy love
There is a cure to liberal madness - it's called traditionalism. ,1,cure liberal madness called traditionalism
NI priests receive honours for peace and Irish language services ,0,ni priest receive honour peace irish language service
1500 words from and me on 12 lessons for Brexit from Norway's 23 years outside EU but in Single Market ,0,word lesson brexit norway year outside eu single market
i'm not gay? shut your ,0,gay shut
DRUG-FUELLED GAY ORGY AT VATICAN... ,0,drug fuelled gay orgy vatican
Maybe the church of priests. ,0,maybe church priest
For priests and politicians it seems to be one law for them and a different one for the rest of us. Hypocrites all? ,0,priest politician seems one law different one rest u hypocrite
"mum: whose twenty one pilots shirt is this dad: that's shannons, its her favourite band me: DAMN STRAIGHT ",0,mum whose twenty one pilot shirt dad shannon favourite band damn straight
Give us as wave.... Hey Buddy Hey Biebsy I never heard Justin been call Biebsy. Justin Bieber ,0,give u wave hey buddy hey biebsy never heard justin call biebsy justin bieber
Another stupid liberal disaster for a leader. ,1,another stupid liberal disaster leader
"Trump tells it like it is and speaks his mind, refreshing as politicians normally never answer a question ",0,trump tell like speaks mind refreshing politician normally never answer question
Good Morning Beliebers Justin Bieber ,0,good morning beliebers justin bieber
Brexit is slow train crash...... Labour has to reverse policy and give our voters a choice. ,0,brexit slow train crash labour reverse policy give voter choice
The SNP are going to bankrupt Scotland ,0,snp going bankrupt scotland
Gay Update: I'm currently feeling symphonically ,0,gay update currently feeling symphonically
Hated by the Right. Mocked by the Left. Who Wants to Be ‘Liberal’ Anymore? ,0,hated right mocked left want liberal anymore
"YOU HAVE MADE THEM TO BE A KINGDOM AND PRIESTS TO SERVE OUR GOD, AND THEY WILL REIGN ON THE EARTH. ( REV. 5: 10 ",0,made kingdom priest serve god reign earth rev
"i don't think, i know i'm a funny bitch",0,think know funny bitch
"At last, someone tells us what means. This, from ",0,last someone tell u mean
"Globalist and Socialist spreading their NWO. Using PC, Religion and Racism to accomplish it. Merkel helped the Devil ",1,globalist socialist spreading nwo using pc religion racism accomplish merkel helped devil
"Police stand idly by, watching the islamic hate speech yet arrest anyone who criticises islam. Self destructive ",0,police stand idly watching islamic hate speech yet arrest anyone criticises islam self destructive
Donald Trump to give major speech in Poland - BBC News ,0,donald trump give major speech poland bbc news
define Justin ,0,define justin
Right-wing pols must put nation’s health above Obama disdain ,0,right wing pol must put nation health obama disdain
Roche and Ireland's Biggest Biopharma take their Parkinson's Antibody to Phase II ,0,roche ireland biggest biopharma take parkinson antibody phase ii
"""WE JUST DONT KNOW. IT COULD HAVE BEEN OTHER COUNTRIES TOO. OBAMA WAS AT FAULT?"" LIKE DUDE HOW STUPID DO YOU THINK WE ALL ",0,dont know could country obama fault like dude stupid think
"As a monotheist, he was despised by the priests of other cults and most depictions of him were destroyed after his ",0,monotheist despised priest cult depiction destroyed
Brexit negotiator in post-exit trade warning ,0,brexit negotiator post exit trade warning
Trump supporter vandalized school with ‘liberal hate speech’ to frame White House detractors ,0,trump supporter vandalized school liberal hate speech frame white house detractor
"'Twas Brexit, and the slimy Gove Did lie, dissembling, in the Mail All flimsy was the case for Leave And Remainers' wrath ",1,twas brexit slimy gove lie dissembling mail flimsy case leave remainers wrath
"More liberal criticism of Trump's attacks on the free press. Oh wait, this is from a GOP Senator. ",1,liberal criticism trump attack free press oh wait gop senator
Pope ‘infuriated’ after cops raid drug-fueled ‘gay orgy’ at Vatican priest’s apartment: report... ,0,pope infuriated cop raid drug fueled gay orgy vatican priest apartment report
What a sexy bitch,0,sexy bitch
Check out Shannon Crystal Designs Of Ireland 24% Lead Crystal Single Candlestick 6 1/2 In via ,0,check shannon crystal design ireland lead crystal single candlestick via
David Guetta ft Justin Bieber - 2U (The Victoria’s Secret Angels Lip Sync) ,0,david guetta ft justin bieber u victoria secret angel lip sync
How become the voice of liberal Britain ,0,become voice liberal britain
"CNN is claiming Trump's wrestling tweet was anti-Islam and racist. When things go against you, the Liberal play book says ",1,cnn claiming trump wrestling tweet anti islam racist thing go liberal play book say
Phelan sets out how Hrabanus Maurus's commentary on Matthew worked as a handbook for busy priests on the go in C9 Mainz ,0,phelan set hrabanus maurus commentary matthew worked handbook busy priest go c mainz
"Senior Tax Manager, Top 12, Dublin - ",0,senior tax manager top dublin
"""Fake news!"" ",0,fake news
"Its called the LoganAct and u just violated it again, Barack Obama And there will be consequences for your behavior ",1,called loganact u violated barack obama consequence behavior
Donald Trump thinks Russia might have interfered in the 2016 US election: AFP ,0,donald trump think russia might interfered u election afp
NORTH KOREA MISSLE: HOLLYWOOD Foreshadowing. Too bad Obama didn't see movie.,0,north korea missle hollywood foreshadowing bad obama see movie
"Liberal can't believe Trump will win in 2020, Retweet if you think he will WIN in 2020! Click here to get a T-shirt",0,liberal believe trump win retweet think win click get shirt
good morning harry did THAT he's acting bitch ,0,good morning harry acting bitch
'President Obama Was The Greatest Hoax Ever Perpetrated On The American People',1,president obama greatest hoax ever perpetrated american people
Corporate lobbyists and shock doctrinistas are negotiating Brexit. We need to be vigilant. ,0,corporate lobbyist shock doctrinistas negotiating brexit need vigilant
Justin Bieber's Crowd,0,justin bieber crowd
Policy Exchange was co-founded by Michael Gove ,0,policy exchange co founded michael gove
Much at stake as Ireland women’s hockey team enters semi-finals Triumph over Japan in Johannesburg would kee… ,0,much stake ireland woman hockey team enters semi final triumph japan johannesburg would kee
Stay up to date with THE JUICE! Follow US!!! Police Raid Vatican Priest’s Drug-Fueled ‘Gay Orgy’ In Apartment R... ,0,stay date juice follow u police raid vatican priest drug fueled gay orgy apartment r
late night thoughts can go one of two ways.. 1. freaky as fuck or 2.. sad denna ,0,late night thought go one two way freaky fuck sad denna
Otherwise I think there's danger of a backlash pushing us faster and harder into ,0,otherwise think danger backlash pushing u faster harder
Does work? Ireland is at the forefront of our own political debate in the UK ,0,work ireland forefront political debate uk
The EU is now booming - their migrants are returning. May is wrong to put immigration clampdown over UK economy. ,0,eu booming migrant returning may wrong put immigration clampdown uk economy
smooth teen sex gay naked latinas photos ,0,smooth teen sex gay naked latinas photo
wanna wear my dungarees to pride but also don't wanna look completely indistinguishable frm every other white gay there ,0,wanna wear dungaree pride also wanna look completely indistinguishable frm every white gay
"I am Team Bieber...I will not hide, I wont back down! I will show my unconditional support for Justin ",0,team bieber hide wont back show unconditional support justin
There will be no frictionless border between Ireland and the UK. It's a fiction. ,0,frictionless border ireland uk fiction
Somoza may be a son-of-a-bitch but he's our son-of-a-bitch. - FDR ,0,somoza may son bitch son bitch fdr
"Well seeing that you're 5'6, you're pretty much a bitch too. You're dismissed. ",1,well seeing pretty much bitch dismissed
Interstate showdown between Liberal Coastal Elites and the Red State Religious could haunt the Democrats in 2020 ,0,interstate showdown liberal coastal elite red state religious could haunt democrat
Good ,0,good
"(3) Another video of Justin Bieber out in Sydney, Australia today. (July 6) ",0,another video justin bieber sydney australia today july
Where's the outrage from Obama? No comment about the death of a police officer in ,0,outrage obama comment death police officer
Do Catholic priests forget what they are told in confession? by Christianos Williams ,0,catholic priest forget told confession christianos williams
Sewoon and Kihyun singing justin bieber's boyfriend my god ,0,sewoon kihyun singing justin bieber boyfriend god
Trump administration delays Obama policy allowing transgenders to enlist in military | News | LifeSite ,0,trump administration delay obama policy allowing transgenders enlist military news lifesite
Not totally accurate. I've come across plenty Catholics who defend/deny the abuse/priests. ,0,totally accurate come across plenty catholic defend deny abuse priest
Justin Bieber via Facebook: ,0,justin bieber via facebook
life is absurd im gay ,0,life absurd im gay
Test drive the and discover why it's Ireland's best-selling car. Book your test drive today:… ,0,test drive discover ireland best selling car book test drive today
"Donald Trump to say in Poland speech ""fundamental question of our time is whether the West has the will to survive"" ",0,donald trump say poland speech fundamental question time whether west survive
"Video of Justin Bieber out in Sydney, Australia today. (July 6) ",0,video justin bieber sydney australia today july
Charlie Gard: Donald Trump 'to confront Theresa May over terminally ill baby boy' ,0,charlie gard donald trump confront theresa may terminally ill baby boy
"Assistant Financial Accountant, South Dublin, South Dublin - ",0,assistant financial accountant south dublin south dublin
Liam Fox just did a 'Leadsom' and accused the media of wanting Brexit to fail via ,0,liam fox leadsom accused medium wanting brexit fail via
imagine your boyfriend dies and 5 b*tches post flipagrams and screenshots about how he was the love of they life. bitch ,1,imagine boyfriend dy b tches post flipagrams screenshots love life bitch
Vatican Police Raid Top Priest’s Apartment For Drugs And Find Gay Orgy - ,0,vatican police raid top priest apartment drug find gay orgy
" says if you join the NSW Liberal Party, you have almost no say in policy debates or pre-selection ",0,say join nsw liberal party almost say policy debate pre selection
Polly takes balanced view of and at last. Thank you ,0,polly take balanced view last thank
170706 ♡ JUSTIN BIEBER PURPOSE TOUR ,0,justin bieber purpose tour
"Wonderful to hear Sharan Burrow, leader of the global trade union movement, address us here in Belfast, Ireland at… ",0,wonderful hear sharan burrow leader global trade union movement address u belfast ireland
"Donegal, Ireland ",0,donegal ireland
can you believe there's people saying justin bieber can't sing. so blessed that i got to hear this life ,0,believe people saying justin bieber sing blessed got hear life
Latest FIFA Men's World Ranking: 13 - England 20 - Wales 22 - Northern Ireland 29 - Rep of Ireland 58 - ,0,latest fifa men world ranking england wale northern ireland rep ireland
"But life is short like my height, I was already home and I can't forget her smile goddammit I'm not gay but srsly i… ",0,life short like height already home forget smile goddammit gay srsly
Brexit faces potential court challenge over 'technical flaw' in way Article 50 was triggered ,0,brexit face potential court challenge technical flaw way article triggered
Lunch with Obama was dope yesterday ,0,lunch obama dope yesterday
i can't believe the newest danish political party's name can be translated to new bourgeois or new,0,believe newest danish political party name translated new bourgeois new
there will be a big crowd because they have bussed people in. Obama never had to have people bussed in. Trump in ,1,big crowd bussed people obama never people bussed trump
"Ireland joins France, Germany and Bulgaria in banning fracking - UK needs to follow",0,ireland join france germany bulgaria banning fracking uk need follow
The Americans left it too late to book a hotel for Trump in Hamburg for the G20. via ,0,american left late book hotel trump hamburg g via
"Asked about well-documented Russian meddling in '16, Trump says it could have been Russia and other countries -- pivots ",0,asked well documented russian meddling trump say could russia country pivot
Never let you go Justin ,0,never let go justin
even APPARENTLY sinc… ,0,even apparently sinc
In their little liberal minds they think they are the only people that m… ,1,little liberal mind think people
"18. Beautiful Soul - Jesse McCartney. Before we had Justin Bieber, we had teen pop sensation Jesse McCartney. ",0,beautiful soul jesse mccartney justin bieber teen pop sensation jesse mccartney
BITCH OMG ,0,bitch omg
'Twas Brexit ... via ,0,twas brexit via
Caller Tells Katie: Working With Migrants Changed My 'Liberal' Husband ,0,caller tell katie working migrant changed liberal husband
"Ok, so I'm not the only that has thought The Rock and Barack Obama look alike in some way. Just found this face mashup ",0,ok thought rock barack obama look alike way found face mashup
that's because everyone's fucking gay kumiko ,1,everyone fucking gay kumiko
All these nancies who want to axe my Ass please I am not a gay. Please stop nagging my inbox with your stupid nude ,1,nancy want axe as please gay please stop nagging inbox stupid nude
Priests make arrangements to offer the holy drink to Lord Jagannath for Adhar Pana begin ,0,priest make arrangement offer holy drink lord jagannath adhar pana begin
Karma is a Bitch... Give out what you want to ,0,karma bitch give want
Justin Bieber crowd tonight! ,0,justin bieber crowd tonight
"McCain is a SELL-OUT, and a COWARD, and a Bitch, like OBAMA, took millions from SANTANIC PEDOFILE GEORGE ",1,mccain sell coward bitch like obama took million santanic pedofile george
18. But. Rest assured that a change is coming. No one currently has a democratic mandate for the shape of ,0,rest assured change coming one currently democratic mandate shape
"if a bitch smiles when she mad, she's crazy as hell ",0,bitch smile mad crazy hell
Won't spoked a word on crimes of Maulavis/Priests but was greedy making news on innocent Hindu Saint ,0,spoked word crime maulavis priest greedy making news innocent hindu saint
"This is what Brexit ""hardball"" looks like from the EU's Michel Barnier aka ""you can have your cake and pay for it"" via ",0,brexit hardball look like eu michel barnier aka cake pay via
Letter of the week in today's about those new Tory Brexit tribes ,0,letter week today new tory brexit tribe
There's a slut on my dick! ,1,slut dick
"Business Development Consultant - French Market, Dublin - ",0,business development consultant french market dublin
1st Qtr. Salary to Go to Fix Antietam Battlefield ,0,st qtr salary go fix antietam battlefield
"and rule Hot 100 yet again with ""Despacito,"" feat. ",0,rule hot yet despacito feat
Justin Bieber - Love ,0,justin bieber love
Do you think it'll be worth staying in the UK post ,0,think worth staying uk post
“despacito (remix)” is officially the most popular song in genius HISTORY,0,despacito remix officially popular song genius history
"Lindsay Lohan defends President Trump, asks people stop 'bullying him' ",0,lindsay lohan defends president trump asks people stop bullying
rt if you're gay/lesbian rt if you're trans/bi rt if you're straight rt if you support gay rights rt if we should throw ,0,rt gay lesbian rt trans bi rt straight rt support gay right rt throw
"Contrast with President Obama, who often made a point of extolling a free press — especially when ",0,contrast president obama often made point extolling free press especially
The EU's chief negotiator just made an ominous warning about ,0,eu chief negotiator made ominous warning
"Trump admits Obama ""was told it was Russia by the CIA"" that meddled in US election. Then equivocates and launches i… ",0,trump admits obama told russia cia meddled u election equivocates launch
If I were a right winger this is what I would be. Seems about right since I am a social liberal who voted for Ron Paul ,0,right winger would seems right since social liberal voted ron paul
BITCH WTF IS THIS ,1,bitch wtf
"With returning July 17th, pubs around Ireland are busy preparing for its return! ",0,returning july th pub around ireland busy preparing return
even APPARENTLY sincere MORTAL priests truly LETHAL ALL choose freely IMMORTAL high priest as Abraham did and ask God ALL perfect Love of ,0,even apparently sincere mortal priest truly lethal choose freely immortal high priest abraham ask god perfect love
"Those priests and elders believed in the gentile king, without believing in ",0,priest elder believed gentile king without believing
This is what the Obama admin. was working on last summer (a deal that collapsed after the UN aid convoy bombing). ,0,obama admin working last summer deal collapsed un aid convoy bombing
"I must say, I do enjoy reading your tweets. You are so direct and truthful. Keep up th… ",0,must say enjoy reading tweet direct truthful keep th
he also shot the Catholic priests (good Catholic that he ,0,also shot catholic priest good catholic
But 9gag is pretty gay ,1,gag pretty gay
DID YOU TURN INTO A LEFT LIBERAL PACIFIST?! COW ISN'T LOW ,1,turn left liberal pacifist cow low
BREAKING: Northern Ireland reach highest ever FIFA world ranking ,0,breaking northern ireland reach highest ever fifa world ranking
I'M ,0,
The latest anti-ISIS strategy from the Pentagon looks a lot like the one under the Obama administration: ,0,latest anti isi strategy pentagon look lot like one obama administration
Anecto will be exhibiting at Med In Ireland 2017. See here for more information about Anecto: ,0,anecto exhibiting med ireland see information anecto
"Madeline's timeline is Trump, anti CNN, Katie Hopkins Despite her biog,… ",0,madeline timeline trump anti cnn katie hopkins despite biog
The biggest reason for priests’ silence in the face of our moral meltdown | Opinion | LifeSite ,0,biggest reason priest silence face moral meltdown opinion lifesite
Tabiki justin Justin ,0,tabiki justin justin
let me get my fatass to sleep before i get no sleep at all and i'm at work w zero hours of rest and dealing with bitch ass ,1,let get fatass sleep get sleep work w zero hour rest dealing bitch as
"Senior DevOps Engineer Job, Dublin - ",0,senior devops engineer job dublin
Opro Become Official Mouthguard Of Hockey Ireland Opro teams up with Hockey Ireland to ensure players receiv… ,0,opro become official mouthguard hockey ireland opro team hockey ireland ensure player receiv
You can thank Obama Hillary and the Left for their anti-police sentiment and siding w They luv prote… ,0,thank obama hillary left anti police sentiment siding w luv prote
"Trump: Obama knew about election meddling back in early August and did nothing, he ‘choked’ - ",0,trump obama knew election meddling back early august nothing choked
"Belieber are one family from different all around the world, colours, faiths, speaks different languages ",0,belieber one family different around world colour faith speaks different language
controversial carbonara is fit for a bedroom feast ,0,controversial carbonara fit bedroom feast
Never mind no tickets being on sale for Celtic Fans.People from West Belfast have always been good at finding Touts ,0,never mind ticket sale celtic fan people west belfast always good finding tout
US-China gap on NKorea policy widening as interests diverge - U.S. President Donald Trump's hopes for China's h... ,0,u china gap nkorea policy widening interest diverge u president donald trump hope china h
Trudeau at Toronto Gay Pride Parade: “Pride mubarak…Happy Pride to Allah” ,0,trudeau toronto gay pride parade pride mubarak happy pride allah
Breakfast of Champions ,0,breakfast champion
 bitch is you BLIND ,1,bitch blind
Last day of 3 2s v Wolves Ireland currently 95 for 5 lead of 55 ,0,last day v wolf ireland currently lead
"But you advertise in the Daily Mail, where columnist Katie Hopkins refers to fore… ",0,advertise daily mail columnist katie hopkins refers fore
"The Financial Times just printed their most NSFW letter ever, and it's about Brexit ",0,financial time printed nsfw letter ever brexit
Straight people really don't know how to tell when someone is gay. Y'all think not following gender roles determines a ,1,straight people really know tell someone gay think following gender role determines
Justin Bieber Is Unlike Any Other Pop Star in History | Oprah Winfrey Network... via ,0,justin bieber unlike pop star history oprah winfrey network via
I liked a video DeshBashi To(Despacito Parody) Justin Bieber Ft VATMAN[[VIDEO BABA ,0,liked video deshbashi despacito parody justin bieber ft vatman video baba
Last night latest to report fear of left Labour govt forcing elite rethink on Brexit ,0,last night latest report fear left labour govt forcing elite rethink brexit
"Should be clear to all now that Trump is Putin's bitch, pardon the language. Must be very serious 'kompromat' Russia is in ",1,clear trump putin bitch pardon language must serious kompromat russia
Should do a celebrity version of starring and ,0,celebrity version starring
"Thank you for sharing your dream letting us be part of your life, Journey Purpose ",0,thank sharing dream letting u part life journey purpose
The possessed priests? I don't think so; they use their timer code for something ,0,possessed priest think use timer code something
Job hunting in biopharma? Regeneron is hiring ,0,job hunting biopharma regeneron hiring
"Trump in Poland: Obama ""did nothing"" on Russian meddling ",0,trump poland obama nothing russian meddling
Very sad my brother.The priests should know ,0,sad brother priest know
Henessy 5150 Calling A Bitch ,0,henessy calling bitch
Elli Justin ,0,elli justin
JUSTIN BIEBER | | 9.30.17 | PHILIPPINE ARENA | Tickets on sale 7.9.17 ,0,justin bieber philippine arena ticket sale
Racism comes out of the closet in Poland as egomaniac blames everything on Obama....again. ,0,racism come closet poland egomaniac blame everything obama
"Caught-Cocaine fuelledGayOrgy of Priests allied to Pro-Gay Cardinal Coccopamerio adviser to PopeFrancis, who is also ",0,caught cocaine fuelledgayorgy priest allied pro gay cardinal coccopamerio adviser popefrancis also
Donald Trump and Rob Kardashian got each other's backs ,0,donald trump rob kardashian got back
Justin Bieber Is Mobbed by Fans When Stepping Out of Nando’s in Sydney ,0,justin bieber mobbed fan stepping nando sydney
Liberal losers blame bjp for everything instead of accepting that CM is fooling s… ,1,liberal loser blame bjp everything instead accepting cm fooling
but I guess that's why whites don't live or want to live in liberal states anymore like New York and New Jersey and ,0,guess white live want live liberal state anymore like new york new jersey
"Given this North Korea mess, I would feel SOOO much safer if Barack Obama were in office. ",0,given north korea mess would feel sooo much safer barack obama office
no limit in the sky and fly for u ing seviyem Justin ,0,limit sky fly u ing seviyem justin
Main goal seems to have been to make Matthew accessible to preachers and priests who had pastoral responsibilities ,0,main goal seems make matthew accessible preacher priest pastoral responsibility
"When I watch this clip, it reminds me how anti-American Obama was. I get this sick feeling in my gut. How about You ",0,watch clip reminds anti american obama get sick feeling gut
The Indian's PM's visit to Israel is a sign the world is splitting into liberal democracies Vs authoritarian men ,0,indian pm visit israel sign world splitting liberal democracy v authoritarian men
"“Legislators, priests, philosophers, writers, ans scientists have striven to show that the subordinate... ",0,legislator priest philosopher writer an scientist striven show subordinate
Former WH officials claim they were ordered by Obama to work against incoming Trump Administration,0,former wh official claim ordered obama work incoming trump administration
"More photos of Justin Bieber spotted out in Sydney, Australia today. (July 6) ",0,photo justin bieber spotted sydney australia today july
OH THIS IS GONNA BE GOOD!! OUR GIRL TOMMI LAUREN IS GOING HEAD TO HEAD WITH THIS LIBERAL TWAT! ,1,oh gonna good girl tommi lauren going head head liberal twat
BREAKING: US President Donald Trump mulls 'pretty severe' response to North Korea ,0,breaking u president donald trump mull pretty severe response north korea
Impact of welfare changes on rented Housing in Northern Ireland launching at the at parliament buildings ,0,impact welfare change rented housing northern ireland launching parliament building
Ireland's top fashionistas are prepping for the Dublin Horse Show in August! Check out the gallery ,0,ireland top fashionistas prepping dublin horse show august check gallery
Vote Beliebers Justin ,0,vote beliebers justin
"""I've never heard a single liberal attack a Muslim church for not having gay weddings."" ",0,never heard single liberal attack muslim church gay wedding
118 DAYS UNTIL HALLOWEEN BITCH ,0,day halloween bitch
Don't stop measuring someone's growth until they stop growing Justin Bieber ,0,stop measuring someone growth stop growing justin bieber
Minister says Ireland and France's relationship will get stronger after ,0,minister say ireland france relationship get stronger
Current lightning activity over the UK and Ireland. ,0,current lightning activity uk ireland
We have a fab gay community in Manchester gets better every ,0,fab gay community manchester get better every
"""Donald Trump leaves Angela Merkel to stand up for liberal values"" ",0,donald trump leaf angela merkel stand liberal value
"BBC would rather see Britain fail than Brexit succeed, suggests Liam Fox ",0,bbc would rather see britain fail brexit succeed suggests liam fox
"Vatican rocked: Police raid drug-fuelled gay orgy at cardinal's apartment, via ",0,vatican rocked police raid drug fuelled gay orgy cardinal apartment via
"So sweet! This one will melt your hearts! Here's a video of Justin Bieber with a Baby Belieber in Sydney, Australia ",0,sweet one melt heart video justin bieber baby belieber sydney australia
This explains Liam Fox's comments. He thinks BBC remoaners want UK to struggle with Brexit because he wants Scotlan… ,0,explains liam fox comment think bbc remoaners want uk struggle brexit want scotlan
"they want to run through the air with no barriers or obstacles, gunmen or guard dogs or ",0,want run air barrier obstacle gunman guard dog
"Bitch, i'm highly fucking pissed off. I worked so hard to finally get my skin under control. Thought ",1,bitch highly fucking pissed worked hard finally get skin control thought
A big thanks to for featuring Techies4TempleStreet on their blog. You can read the article at ,0,big thanks featuring techie templestreet blog read article
Hey CNN The U.S. Isn't being forced to any table now that we have a President with the balls to back the Ameri… ,0,hey cnn u forced table president ball back ameri
No. Paedophile Priests are to blame for paedophile priests. Not women. Not children. Not little green men from Mars. ,0,paedophile priest blame paedophile priest woman child little green men mar
OMFG....these people are just pure fucking evil,1,omfg people pure fucking evil
I'm the baddest bitch he ever fw ,0,baddest bitch ever fw
Leaving this gay legend in your tl ,0,leaving gay legend tl
Even in Poland Trump continues to make the Russian hacking an Obama issue. I'm embarrassed as an American every time he speaks. Terrible ,0,even poland trump continues make russian hacking obama issue embarrassed american every time speaks terrible
Is it at all possible for women to be Catholic priests? Read and share... ,0,possible woman catholic priest read share
Get chatting with this ,0,get chatting
Trump is in Poland this morning lambasting CNN n OBAMA. You are disgusting over there so here to you jerk .... ,1,trump poland morning lambasting cnn n obama disgusting jerk
Condoleezza Rice: Trump stands for American values and seeks to act in the best interests of the US ,0,condoleezza rice trump stand american value seek act best interest u
"""The EU's chief Brexit negotiator says 'frictionless trade' is 'not possible' after Britain leaves"" ",0,eu chief brexit negotiator say frictionless trade possible britain leaf
When liberal Bill Gates is telling the EU they have to stop immigration you know the EU is facing total disaster ,0,liberal bill gate telling eu stop immigration know eu facing total disaster
"His repeated lies today about Obama ""doing nothing"" to stop the Russians is such a complete embarrassment. ",0,repeated lie today obama nothing stop russian complete embarrassment
Always excited to hear of platforms expanding across Ireland ,0,always excited hear platform expanding across ireland
Hard and Soft Brexit in a nutshell. Courtesy of ,0,hard soft brexit nutshell courtesy
The former President is being much too kind. ,0,former president much kind
If we leave then will have succeeded but it will mean many failures for the UK. What doesn't under… ,0,leave succeeded mean many failure uk
"90% of the migrants pretend to be underage, so that should be a ",0,migrant pretend underage
Beliebers don't listen to the haters! Listen to Justin he is grateful loves us! Justin Bieber ,0,beliebers listen hater listen justin grateful love u justin bieber
"EU chief neg on another UK Brexit consequence ""all of their financial institutions will lose their passporting ",0,eu chief neg another uk brexit consequence financial institution lose passporting
and follow ,0,follow
Karma is a bitch only if you are one ,1,karma bitch one
Theyre still mad about the last guys skin c… ,0,theyre still mad last guy skin c
Strike action threatens recovery in construction sector putting construction jobs at risk – CIF ,0,strike action threatens recovery construction sector putting construction job risk cif
july is officially gay sloth month ,0,july officially gay sloth month
We are now 11.4107% of the way through Donald Trump's scheduled ,0,way donald trump scheduled
US investment continues to flow into Ireland ,0,u investment continues flow ireland
Lord Balabhadra being offered the sweet drink during Adhar Pana ritual in Puri ,0,lord balabhadra offered sweet drink adhar pana ritual puri
8 Irish haunts and the famous writers ,0,irish haunt famous writer
I'M LIKE GAWD DAMN YOU DIRTY BITCH ,1,like gawd damn dirty bitch
Y'all we need to support this EP w/ everything we have. These are 2 openly gay men not singing gender neutral songs ,0,need support ep w everything openly gay men singing gender neutral song
"Obama didn't want Trump to yell ""fixed ",0,obama want trump yell fixed
Do include women parishioners-in-thrall-to-male-clerics who also tell women priests how to dress ,0,include woman parishioner thrall male cleric also tell woman priest dress
Seal caught 'chilling out' on rubber boat in Northern Ireland. ,0,seal caught chilling rubber boat northern ireland
Lukaku is the top trending topic in Ireland with sentiment of ,0,lukaku top trending topic ireland sentiment
Wow - political correspondent from The Telegraph saying this. If the media turns against Brexit then we might be in with ,0,wow political correspondent telegraph saying medium turn brexit might
45 will blame it on ,0,blame
New song Alert  DOWN bitch ,0,new song alert bitch
Nazi: I want to burn down mosques. Liberal: Everyone has their own opinions Marxists: people shouldn't be homeless ,0,nazi want burn mosque liberal everyone opinion marxist people homeless
"While this was taking place, namely, priests and monks, to draw him from his faith; however, they then have ",0,taking place namely priest monk draw faith however
is taken literally in Siobhan Gaffney's tale of in Ireland ,0,taken literally siobhan gaffney tale ireland
"Northern Ireland up to 22nd (highest ever) in FIFA rankings. September '12: 129th, beneath Turkmenistan. July '17: ",0,northern ireland nd highest ever fifa ranking september th beneath turkmenistan july
"Business Operations Executive, Ireland - ",0,business operation executive ireland
Barack Obama is an Instagram Husband ,0,barack obama instagram husband
"That report highlights Obama's hypocrisy on class warfare. What does ""ice crams scoops"" and ""… ",0,report highlight obama hypocrisy class warfare ice crams scoop
Accept ya Bitch for who she is and build the shit outta ,0,accept ya bitch build shit outta
A series of T-shirts with prints in in support of ,0,series shirt print support
Science says liberals are psychotic: ,1,science say liberal psychotic
Help to Create a National Animal Abuse Registry! Plz sign: Look at this:… ,0,help create national animal abuse registry plz sign look
Vatican Police Raid Drug-Fueled Gay Orgy at Priest's Apartment ,0,vatican police raid drug fueled gay orgy priest apartment
You ,0,
"Let's get this cleared up!!! Putin did NOT call Trump a ""Genius"" he called him ""Colorful"" a dummy can be ""Colorful"" ",0,let get cleared putin call trump genius called colorful dummy colorful
How about the Vatican where gay priests have so much ,0,vatican gay priest much
You might be a libtard if... ,1,might libtard
Insomnia is a bitch. And it doesn't help that my neighbor decided to start mowing his lawn. AT 4:30 IN THE FUCKING ,1,insomnia bitch help neighbor decided start mowing lawn fucking
Summer in Ireland. Time ,0,summer ireland time
"Every day, Brexit slips further away from them. Just a few weeks ago, they'd scoff when you said it could be stopped. They ",0,every day brexit slip away week ago scoff said could stopped
for a solo dm with Justin Bieber. Read my bio,0,solo dm justin bieber read bio
So I did well in school not because I believed in my ability but I was just scared shitless to fail. It seemed failure was = the ,0,well school believed ability scared shitless fail seemed failure
Why are they pulling out? Because you repukes are sabatoging Obama care because you don't want a Black… ,1,pulling repukes sabatoging obama care want black
"Remember, Hillary and Obama blamed Benghazi attack on a YouTube video and jailed the producer. CNN is using the same ",0,remember hillary obama blamed benghazi attack youtube video jailed producer cnn using
"FHA Becomes Competitive with PMI as Obama Okays Drop in Rates! Los Angeles, CA ",0,fha becomes competitive pmi obama okay drop rate los angeles ca
sexuality is really fluid bc yesterday i was gay and now i'm ,0,sexuality really fluid bc yesterday gay
Pope ‘infuriated’ after cops raid drug-fueled ‘gay orgy’ at Vatican priest’s apartment: report ,0,pope infuriated cop raid drug fueled gay orgy vatican priest apartment report
"Just found out Obama tapped my phone, Bad Guy Don't miss our regular updates on life in the West Wing ... ",0,found obama tapped phone bad guy miss regular update life west wing
This is where Britain currently stands with its Brexit deal. It's not good ,0,britain currently stand brexit deal good
Donald Trump says Nato allies must 'get going' on financial obligations and vows to confront North ... ,0,donald trump say nato ally must get going financial obligation vow confront north
Wait guys what do you think being gay is? ,0,wait guy think gay
Cork fire: ‘This building had a sad past but it deserved a much better future’ ,0,cork fire building sad past deserved much better future
"for 1st time since the ref, it feels like Brexit is not inevitable. This is because it's a terrible idea and Brexiters ",0,st time since ref feel like brexit inevitable terrible idea brexiters
Interesting still only 17% female representation in engineering classes in Ireland today - despite all our hard work ,0,interesting still female representation engineering class ireland today despite hard work
Stop lying ,0,stop lying
"Yes, Justin Bieber made a baby cry and it was as strange and awkward as anyone could imagine",0,yes justin bieber made baby cry strange awkward anyone could imagine
Must Read: Reality check from EU chief negotiator about Brexit road ahead. Huge wake up call for ,0,must read reality check eu chief negotiator brexit road ahead huge wake call
Poland; Saudi Arabia rolled out a red carpet for Trump. They didn't do that for Obama. Only 5 months in; countries ,0,poland saudi arabia rolled red carpet trump obama month country
Time for leadership - calling all future leaders across UK; Ireland 15-16 Sept | Belfast ,0,time leadership calling future leader across uk ireland sept belfast
Alarm over revelation Northern Ireland jails temporarily release one killer every four days why send them to ,0,alarm revelation northern ireland jail temporarily release one killer every four day send
Jeremy Corbyn 'very good friends' with preacher who compared gays to paedophiles Corbyn wears Gay ,1,jeremy corbyn good friend preacher compared gay paedophile corbyn wear gay
Turns out a Liberal Govt can have a rational discussion on clean energy. take note. ,0,turn liberal govt rational discussion clean energy take note
"Such a ban is another example of liberal wishy-washy thinking, preposte… ",0,ban another example liberal wishy washy thinking preposte
"Another video of Justin Bieber spotted out in Sydney, Australia today. (July 5) ",0,another video justin bieber spotted sydney australia today july
Can we talk about the fact Donald Trump and Rob Kardashian essentially tweeted the same thing today ,0,talk fact donald trump rob kardashian essentially tweeted thing today
teen sex ireland images ,0,teen sex ireland image
my soul mate needs 2 hurry up because a bitch has had enough ,0,soul mate need hurry bitch enough
"""Beliefs rather than facts."" Blair then, Brexit now. ",0,belief rather fact blair brexit
Yay for the gay!! ,0,yay gay
Some strong liberal voices to follow; ,0,strong liberal voice follow
"Here it is! The is coming back in Sept, and tickets are FREE. Read about its exhibitors &amp; seminars… ",0,coming back sept ticket free read exhibitor amp seminar
"""I'm eighteen! Shut up and let me have fun!"" -Lewd RP -99% Gay trap -Cuter than you. -Artist: ",0,eighteen shut let fun lewd rp gay trap cuter artist
"Ironically, it is the jingoism of the Brexit press that has super-charged the oncoming reckoning with ",0,ironically jingoism brexit press super charged oncoming reckoning
Theresa May promised Northern Ireland £1 billion. Now public opinion is turning against her cost-cutting policies ,0,theresa may promised northern ireland billion public opinion turning cost cutting policy
Today's devotional explores the duties of the early Priests and how that applies to us today. Read here ,0,today devotional explores duty early priest applies u today read
Lindsay Lohan Tells People to ‘Stop Bullying’ Donald Trump ,0,lindsay lohan tell people stop bullying donald trump
Ireland is one of the rare European countries to have escaped the populist wave (via ) ,0,ireland one rare european country escaped populist wave via
"America: Happy Four- Malia Obama: ""It's my birthday"" ",0,america happy four malia obama birthday
Ireland Go For Gold at World Rowing Cup in Lucerne ,0,ireland go gold world rowing cup lucerne
Big pharma using the courts to ensure HIV prevention drug remain prohibitively expensive for those who need it ,0,big pharma using court ensure hiv prevention drug remain prohibitively expensive need
I liked a video. Despacito - Luis Fonsi ft. Justin Bieber (Devienna ,0,liked video despacito luis fonsi ft justin bieber devienna
Jus got rich... took a rich nigga bitch oooooooo ,0,jus got rich took rich nigga bitch oooooooo
The liberal media is spreading lies about conservatives in Missouri. It's literally fake news. WATCH: ,0,liberal medium spreading lie conservative missouri literally fake news watch
justin bieber youre the only reason why i dont wanna live a lie ,0,justin bieber youre reason dont wanna live lie
I'm not crowding my space w/ priests to make me feel secure because I'm raped. They simply have better issues than ,0,crowding space w priest make feel secure raped simply better issue
News: will hit the road together with the great from Ireland this october/november!… ,0,news hit road together great ireland october november
"""Life Is Worth Living"" by Justin Bieber has just been certified Gold in the US, the 12th song from 'Purpose' to rec… ",0,life worth living justin bieber certified gold u th song purpose rec
bitch BitCh bItcH ,1,bitch bitch bitch
When exactly did Obama EVER trash Bush as DJT does ,0,exactly obama ever trash bush djt
List of better candidates (partial): Biden Harris Franken Warren Kander Booker Murphy Newsom Obama Oprah Beyoncé GaGa ,0,list better candidate partial biden harris franken warren kander booker murphy newsom obama oprah beyonc gaga
BREXIT BACKLASH: 'Ambiguous' Corbyn told EU exit will be ‘worse for HIM than Theresa May’ and could SPLIT Labour ,0,brexit backlash ambiguous corbyn told eu exit worse theresa may could split labour
"I'm the One (feat. Justin Bieber, Quavo, Chance the Rapper &amp; Lil Wayne) by DJ Khaled — ",0,one feat justin bieber quavo chance rapper amp lil wayne dj khaled
“What matters now is not the skills you have but how you think.” ,0,matter skill think
"Police bust priest’s wild, drug-fueled gay orgy, and now the Pope is pissed ",0,police bust priest wild drug fueled gay orgy pope pissed
Just because you're a hundred doesn't make you intelligent quite the opposite… ,0,hundred make intelligent quite opposite
Bitch. WINNER - REALLY REALLY is now the most downloaded song by a boy group on Gaon this yr with over 900k ,0,bitch winner really really downloaded song boy group gaon yr k
"Another video of Justin Bieber out in Sydney, Australia today. (July 6) ",0,another video justin bieber sydney australia today july
Big govt and Obama should be ur enemy.… ,0,big govt obama ur enemy
Cladding tests offered to Northern Ireland's property owners ... - Belfast Telegraph ,0,cladding test offered northern ireland property owner belfast telegraph
Leave the bitch at the party cause 9 times outta 10 the female you take home will be ,1,leave bitch party cause time outta female take home
Time spent talking about Obama and whether he “choked”: 80 seconds Time spent talking about Putin and whether he deserves ,0,time spent talking obama whether choked second time spent talking putin whether deserves
Liberals In For A Rude Awakening: A Successful Donald Trump Presidency | ,0,liberal rude awakening successful donald trump presidency
This veteran's message to Donald Trump telling him to resign today is going viral. ,0,veteran message donald trump telling resign today going viral
"By ""that one bitch"" do you mean the bitch from universe 6 ",1,one bitch mean bitch universe
Anonymous gay hookups: ,0,anonymous gay hookup
"Ren and Nora side-by-side, because I am trash.",1,ren nora side side trash
Hi I'm Kory and I'm over gay men. Bye. ,0,hi kory gay men bye
Justin ,0,justin
"Priests not required to take a vow of poverty, depends on the order. Monks normally take poverty ",0,priest required take vow poverty depends order monk normally take poverty
We went from a super cool President Obama to this confused MORON who can't find his limo in front of him.,1,went super cool president obama confused moron find limo front
Brilliant day at Parliament with lobbying MPs; Lords to give the creative industries a voice in Brexit ,0,brilliant day parliament lobbying mp lord give creative industry voice brexit
ohhhhhh bitch the irony‼️I had to bring this back for the culture,1,ohhhhhh bitch irony bring back culture
Burnley have agreed a fee that could reach £3m for Stoke City's Republic of Ireland forward Jon Walters. More:,0,burnley agreed fee could reach stoke city republic ireland forward jon walter
Bitch I just need your mouth closed legs to divide then watch me kill that pussy kat like a big dog ,1,bitch need mouth closed leg divide watch kill pussy kat like big dog
tfw you're short and gay like everyone ,0,tfw short gay like everyone
"Wow...just, wow...Catholic Church: Women are to Blame for Pedophile Priests- Via - ",0,wow wow catholic church woman blame pedophile priest via
Good to see Mark Latham on sky again.Sounds like Mark is more Liberal than the ,0,good see mark latham sky sound like mark liberal
"Trump's 1st Qtr. Salary to Go to Fix Antietam Battlefield // Thank you, Mr. President. ",0,trump st qtr salary go fix antietam battlefield thank mr president
"Priests offer the Adhar Pana, a holy drink to Maa Subhadra in Puri ",0,priest offer adhar pana holy drink maa subhadra puri
Liberals attacked after violent wrestling gif: 0 Liberals attacked after scary NRA ad: 0 Republicans shot by liberal in ,0,liberal attacked violent wrestling gif liberal attacked scary nra ad republican shot liberal
That should be me Justin ,0,justin
"Who elected your liberal mayor, your liberal representatives, your liberal politicians? Please learn ",0,elected liberal mayor liberal representative liberal politician please learn
Ireland has so many capable courses that we could have an Irish Open and a Northern Irish Open on the European tour ,0,ireland many capable course could irish open northern irish open european tour
"Donald Trump on US election interference: ""It was Russia and I think it was probably others"" ",0,donald trump u election interference russia think probably others
Cycle path to the Alps. The lack of safe cycling paths and roads in Ireland is a disgrace. ,0,cycle path alp lack safe cycling path road ireland disgrace
"As I could, because I wanted to find my fucking dog. Like wtf am I supposed waste my time find cute ass pictures of her? No bitch, fuck ",1,could wanted find fucking dog like wtf supposed waste time find cute as picture bitch fuck
"And don't worry, you didn't do anything because everybody knows you voted… ",0,worry anything everybody know voted
"For me, whom your brother May ill never earn, till Thou falle a milk-white steed, To come and gay, ",0,brother may ill never earn till thou falle milk white steed come gay
"Beast, beast it Bite me, ride me Strike me, indict me Sniper, swiper, rapper, trapper I'm-lit, light-ning ",0,beast beast bite ride strike indict sniper swiper rapper trapper lit light ning
press conference. liberal media are bad. no security guarantees to Poland. Poland buys US arms/gas. Poles r ,1,press conference liberal medium bad security guarantee poland poland buy u arm gas pole r
Gender pay gap triples in Donald Trump's White House ,0,gender pay gap triple donald trump white house
Obama held a July Fourth party for military families every year Trump tweeted a CAMPAIGN song Then went ,0,obama held july fourth party military family every year trump tweeted campaign song went
Miss Ireland Promo 2 Get it here: ,0,miss ireland promo get
That's pathetic! I better start watching my ,0,pathetic better start watching
Check out and Federation of pledge to athletes / artists. ,0,check federation pledge athlete artist
BTS stands for Bitch There's ,0,bts stand bitch
NBC News: Obama warned Trump that North Koreans were working on a long-range missile that could reach the U.S. ,0,nbc news obama warned trump north korean working long range missile could reach u
Not even sure where I fall now! Fiscally conservative Socially liberal Libertarianish. GOP spends mo… ,0,even sure fall fiscally conservative socially liberal libertarianish gop spends mo
Northern Ireland reach Fifa ranking high ,0,northern ireland reach fifa ranking high
"my first for on 5 crucial american bands including , , &amp; more. ",0,first crucial american band including amp
NEWS! Donald Trump arrives in Poland to begin search for next Eastern European wife ,0,news donald trump arrives poland begin search next eastern european wife
President Obama warned Trump that North Korea was working on an ICBM that could reach the U-S mainland. WATCH: ,0,president obama warned trump north korea working icbm could reach u mainland watch
Idiot. The DUP did not get a penny. The people of N Ireland got the… ,1,idiot dup get penny people n ireland got
"The Sooner the Licence fee is scrapped the better, They do nothing for the unity of our country. ",0,sooner licence fee scrapped better nothing unity country
trutherbotsilve: Science says liberals are psychotic: ,1,trutherbotsilve science say liberal psychotic
"On 7pm, discussing CNN, Mrs A and Liberal unrest in Wentworth seat (ML speaking: Bellevue Hill Branch ",0,pm discussing cnn mr liberal unrest wentworth seat ml speaking bellevue hill branch
"Terrifying incompetence from this Tory government, I wish I felt Labour would be better on Brexit, but I have no faith ",0,terrifying incompetence tory government wish felt labour would better brexit faith
bitch no send ,1,bitch send
is trending high! Top Trends every hour only ,0,trending high top trend every hour
"Pharmacist Jobs in the Hull Area, United Kingdom - Ireland - ",0,pharmacist job hull area united kingdom ireland
"See our latest and click to apply: Field Marketing Manager – UK, Ireland; Africa - ",0,see latest click apply field marketing manager uk ireland africa
"The Brexit vote sent the pound lower, making imports more expensive and pushing up inflation ",0,brexit vote sent pound lower making import expensive pushing inflation
love live is gay ,0,love live gay
It isn't possible to make this work on the border between R.Ireland and N.Ireland. The border goes through farms. ,0,possible make work border r ireland n ireland border go farm
Basically a gathering of sniveling liberal ,0,basically gathering sniveling liberal
"nytimes ""Was Russia solely responsible for campaign meddling? ""Nobody really knows,"" Trump said. Live updates: ",0,nytimes russia solely responsible campaign meddling nobody really know trump said live update
"Well that Katie Hopkins needs to get a fucking life, judging people like, what love you ain't fucking perfect ",1,well katie hopkins need get fucking life judging people like love fucking perfect
"Tinashe Answer: ""The Temple of God was then dedicated with great joy by the people of Israel, the priests, the Levites, and ",0,tinashe answer temple god dedicated great joy people israel priest levite
It's called Obama ,0,called obama
im your gay ,0,im gay
"""Liberal anti bullying groups have rounded on CNN !!"". No they havent, Im totally bullshitting ",0,liberal anti bullying group rounded cnn havent im totally bullshitting
"Boris Johnson says Donald Trumps approach to politics ""has gripped the imagination of people around the world"". ",0,boris johnson say donald trump approach politics gripped imagination people around world
More me and fuck you - nicely. Katie Hopkins calls CNN Clinton News Network ,1,fuck nicely katie hopkins call cnn clinton news network
Guardian: Investigators are looking into whether pro-Trump websites coordinated w/ Russia over releasing fake news. ,0,guardian investigator looking whether pro trump website coordinated w russia releasing fake news
I hope they also realise that many priests only pretend to be religious to keep their cushioned job.… ,0,hope also realise many priest pretend religious keep cushioned job
"Rundown Liberal Chicago is $14B in debt murder capital, but Rahm pays for ""Real Fake"" CRAP outside Trump Tower.",0,rundown liberal chicago b debt murder capital rahm pay real fake crap outside trump tower
"When Obama was President, the LOVED talking about stock market rallies! Now they barely mention new ",0,obama president loved talking stock market rally barely mention new
"""so here I was ready for the comeback of One Direction but then that bitch Harry decided to do another world tour next ",1,ready comeback one direction bitch harry decided another world tour next
you love a female the right way she gone be the coldest bitch ,1,love female right way gone coldest bitch
"Felicity Wilson, Liberal MP for North Shore, admits she does not have double degree",0,felicity wilson liberal mp north shore admits double degree
Am I the only one to notice that our liberal friends have been tweeting less since the Blashpemy Violence by Muslims,0,one notice liberal friend tweeting less since blashpemy violence muslim
"Brilliance. You heard it here first, ladies and gentlemen. Straight Until Proven Gay.",1,brilliance heard first lady gentleman straight proven gay
This is why Obama and Hillary don't celebrate the 4th. ,0,obama hillary celebrate th
even APPARENTLY sincere MORTAL priests truly LETHAL ALL choose freely IMMORTAL high priest as Abraham did ask God… ,0,even apparently sincere mortal priest truly lethal choose freely immortal high priest abraham ask god
fuck model gay ,1,fuck model gay
mbbs: mx are so gay for each other me: same Omg rt rt not mbb: mx are so gay for each other me: wDYM ,1,mbbs mx gay omg rt rt mbb mx gay wdym
Robert Mueller's Suicide Squad of Lawyers Has Donald Trump Sounding Extremely Shook ,0,robert mueller suicide squad lawyer donald trump sounding extremely shook
Lord Jagannath being offered holy drink during Adhar Pana ritual in Puri ,0,lord jagannath offered holy drink adhar pana ritual puri
New single ,0,new single
"Barack Hussein Obama warns Americans about ""too much patriotism"" if this traitor should stay out of the country he hates ",0,barack hussein obama warns american much patriotism traitor stay country hate
Guinness to start printing calories on cans ,0,guinness start printing calorie can
Donald Trump chants all day ,0,donald trump chant day
You're all ,0,
"President Trump, in Poland, said ""nobody really knows"" if only Russia meddled in the U.S. election. Live coverage: ",0,president trump poland said nobody really know russia meddled u election live coverage
"BillMoyersHQ: can do more to reduce the gap btwn the rich and poor -- July 06, 2017 at ",0,billmoyershq reduce gap btwn rich poor july
Your copy of The Agenda ! ,0,copy agenda
What the voters failed to notice is that there is more than one elite. They have handed the country to a ,0,voter failed notice one elite handed country
Please join us in praying for our priests. Today we pray for Rev. Paul J. ,0,please join u praying priest today pray rev paul j
Trump still obsessing about ,0,trump still obsessing
"Letter of the decade on Brexit, only in ",0,letter decade brexit
The latest The PCOS in Ireland Daily! Thanks to ,0,latest pcos ireland daily thanks
"I said- You're neva, eva, eva gonna- Get my- Fake eye- Didn't I ",0,said neva eva eva gonna get fake eye
HAPPY GAY PRIDE Photo by Israel Garcia ,0,happy gay pride photo israel garcia
You're just another typical Looney Left disrespectful intolerant liberal ,0,another typical looney left disrespectful intolerant liberal
The NRA is now openly advertising itself as a right-wing paramilitary organization whose job is to intimidate and attack ,0,nra openly advertising right wing paramilitary organization whose job intimidate attack
Tell my ex that my new nigga get me wetter bitch - ,0,tell ex new nigga get wetter bitch
"stereotypical gay man: flouncy, wears pink, camp, high pitched voice, overly flirtatious real gay man: a man who is ",0,stereotypical gay man flouncy wear pink camp high pitched voice overly flirtatious real gay man man
I invented the Donald Trump piñata,0,invented donald trump pi ata
When we some taught OngNiel is dead but bitch they are making a comeback ,0,taught ongniel dead bitch making comeback
"MSM won't show this but Brits are in the streets chanting, ""Donald Trump, We Love You, Britain First, Fighting Back"" ",0,msm show brit street chanting donald trump love britain first fighting back
I WENT HOME EARLY BITCH U WAS SUPPOSED TO GET WORKING ON SHIT BUT THE ONLY SHIT I GOT DONE WAS REST AND DRINK WATER ,1,went home early bitch u supposed get working shit shit got done rest drink water
Ireland might be big to us but we're only a small part of a big diverse population ,0,ireland might big u small part big diverse population
When u use the flower filter to look innocent but Ur still a venomous lil bitch ,0,u use flower filter look innocent ur still venomous lil bitch
Congratulations to the dedicated professionals of the USSS as they celebrate their 152nd anniversary. Thank you! ,0,congratulation dedicated professional usss celebrate nd anniversary thank
"don't play with me, play with yo ",0,play play yo
hair love life ,0,hair love life
"""guys just wanted to let you know if you didn't know I'm Justin Bieber"" ",0,guy wanted let know know justin bieber
Gay Porn Behind The Scenes Fucks Bareback MORE ,0,gay porn behind scene fuck bareback
South Australia has the most liberal access pathway for medical cannabis. This however is usurped by the TGA regs. States ,0,south australia liberal access pathway medical cannabis however usurped tga regs state
Obama’s Letter to Trump via ,0,obama letter trump via
A plea for interaction with other people from a man who called Brexit voters 'the lager louts of Europe' ,0,plea interaction people man called brexit voter lager lout europe
"(5) More photos of Justin Bieber spotted out in Sydney, Australia today. (July 6) ",0,photo justin bieber spotted sydney australia today july
Solution to the Turnbull vs Abbott impasse - for Liberal Party Leader f… ,0,solution turnbull v abbott impasse liberal party leader f
This picture just called me an emo bitch in high school and then snapchatted me for nudes at 2 AM when we graduated ,1,picture called emo bitch high school snapchatted nude graduated
"Wow:""Compared with Trump’s 50 confirmed, nominees, Obama had 186, Bush II had 133, Clinton had 198; Bush I had 148"" ",0,wow compared trump confirmed nominee obama bush ii clinton bush
I liked a video Justin Bieber - Sorry (Latino Remix / Audio) ft. J ,0,liked video justin bieber sorry latino remix audio ft j
big-guy-stuff: stretchmine ,0,big guy stuff stretchmine
Happythursday ,0,happythursday
can't wait to be the old gay aunt living on a boat in a harbor w 12 cats; 7 birds drawing gay erotica while listening ,0,wait old gay aunt living boat harbor w cat bird drawing gay erotica listening
"PiS is getting priests to encourage parishers to go to Warsaw ""on free buses"" to see Trump speak ",0,pi getting priest encourage parishers go warsaw free bus see trump speak
the liberal party are far left terrorist and threat to America. ,1,liberal party far left terrorist threat america
"Post-industrial liberal democracy is fundamentally dysgenic, due to active redistribution to the botto… ",1,post industrial liberal democracy fundamentally dysgenic due active redistribution botto
Bitch u dont even have a ,1,bitch u dont even
"Most Catholics are disgusted ; ashamed about paedophile priests Most Muslims will deny, ignore or deflect the subject ",0,catholic disgusted ashamed paedophile priest muslim deny ignore deflect subject
"not neo liberal ofc, thats an evil commie slur used to oppress the poor ",0,neo liberal ofc thats evil commie slur used oppress poor
"- The is covering up Pedophile child abusing ""priests"". Awaken the world about the true nature of the ",1,covering pedophile child abusing priest awaken world true nature
(Grio) Police raid drug-fueled ‘gay orgy’ at Vatican priest’s apt. ,0,grio police raid drug fueled gay orgy vatican priest apt
The collapse in UK car registrations in the most recent quarter suggests something is very wrong in Britain. ,0,collapse uk car registration recent quarter suggests something wrong britain
: Trump: US considering ‘pretty severe’ action on North Korea WARSAW U.S. President Donald Trump ,0,trump u considering pretty severe action north korea warsaw u president donald trump
Learn to be a bitch sometimes. Not all the time you're ,1,learn bitch sometimes time
someone: you are such a bitch! me: ,1,someone bitch
Large Ireland Map Image | Large Ireland Map HD Picture ,0,large ireland map image large ireland map hd picture
Justin Bieber via Instagram ,0,justin bieber via instagram
i'm that petty bitch that would still speak to u and i know u don't LIKE ME ,0,petty bitch would still speak u know u like
Cancer patients in Ireland are paying up to €63 a week in car parking charges to attend appointments in hospitals all over ,0,cancer patient ireland paying week car parking charge attend appointment hospital
"Given most of their coverage, it looks like it's the BBC themselves that don't want Brexit to actually happen. ",0,given coverage look like bbc want brexit actually happen
"In El Fili, everything is either gay or bi Even Donya V Good ",0,el fili everything either gay bi even donya v good
From cyber security expert to chef: the in-demand careers of the future ,0,cyber security expert chef demand career future
MY CONDOLENCES IF U LOST ME AND FOUND OUT U COULDN'T FIND A BITCH LIKE ME ,0,condolence u lost found u find bitch like
CLICK HERE FULL VIDEO ,0,click full video
: Trump savages US trade deals as 'most terrible in history' and warns: 'THAT WILL CHANGE' PRESIDENT ,0,trump savage u trade deal terrible history warns change president
Absolutely. that it should be embraced. Different priests have different gifts - but… ,0,absolutely embraced different priest different gift
love u gay ,0,love u gay
THREE LIBERAL JUDGES PLAYING TAG FOOTBALL AT HARVARD! ,0,three liberal judge playing tag football harvard
Theresa May fights Camilla! Pippa puts a gypsy curse on Kate! Here's my review of last night's ,0,theresa may fight camilla pippa put gypsy curse kate review last night
sickest song don't me ,0,sickest song
'Not possible': The EU just demolished key aim of Tory Brexit strategy ,0,possible eu demolished key aim tory brexit strategy
"!""Come here, where are you from?"" Donald Trump 'flirts' with female reporter in Oval Office (WATCH VIDEO) ",0,come donald trump flirt female reporter oval office watch video
miss u big gay ,0,miss u big gay
"Jia Morado is really the best setter in the Philippines. I mean bitch, this girl chooses no first ball! ",0,jia morado really best setter philippine mean bitch girl chooses first ball
That guy scares me. What is his agenda and does he have liberal open minded values in his heart. H… ,0,guy scare agenda liberal open minded value heart h
EXO IS COMING BACK FOR REAL BXNNSJSJS BITCH I AM ALL READY TO SUPPORT MY ,0,exo coming back real bxnnsjsjs bitch ready support
BOOOOOOOOOOOOOM Prez Trump ANNIHILATES Failed Obama Crooked Hillary on World Stage in ,0,booooooooooooom prez trump annihilates failed obama crooked hillary world stage
Fight for the soul of the Liberal Party hostage not a leader ,0,fight soul liberal party hostage leader
The Obama sommelier ,0,obama sommelier
"BBC bosses defend not revealing Peter Capaldi’s replacement, saying that post-Brexit it’s just impossible to attract ",0,bbc boss defend revealing peter capaldi replacement saying post brexit impossible attract
Fans Mob Justin Bieber As He Steps Out Of Nando’s In Sydney ,0,fan mob justin bieber step nando sydney
"""Babe she's just my frie.."" ""TELL THAT BITCH YOU ALREADY GOT A FRIEND"" ",0,babe frie tell bitch already got friend
Happy Gay Vegan Day 2017!,0,happy gay vegan day
"One minute you nice,next minute you a ",1,one minute nice next minute
"Obama, Dems Ignoring - Working Around the U.S. RETWEET ",0,obama dems ignoring working around u retweet
Today's The Day by on Hits Camp Tunes ,0,today day hit camp tune
Sexy Guys,0,sexy guy
cops bust drug-fueled gay orgy at home of missionaries ,0,cop bust drug fueled gay orgy home missionary
= Brexit devaluation. End of story ,0,brexit devaluation end story
Novo Nordisk has confirmed certain pens distributed in Ireland have been affected ,0,novo nordisk confirmed certain pen distributed ireland affected
"Brexit negotiator in post-exit trade warning — Sky News Business (SkyNewsBiz) July 6, ",0,brexit negotiator post exit trade warning sky news business skynewsbiz july
yes all ghosts are gay you ,1,yes ghost gay
"Was Russia solely responsible for campaign meddling? ""Nobody really knows,"" Trump said. Live updates: ",0,russia solely responsible campaign meddling nobody really know trump said live update
My primer was $40 bitch this face ain't moving an inch ,0,primer bitch face moving inch
Justin Bieber Battles Man Flu On Stage At BST Hyde Park 2017 | Contactmu.. Related Articles: ,0,justin bieber battle man flu stage bst hyde park contactmu related article
Justin Bieber's 2U is constantly plying on this music channel and I can't help it to squeal every time I spot Stella ooops ,0,justin bieber u constantly plying music channel help squeal every time spot stella ooops
is frontrunner for ,0,frontrunner
"There's: ""Hoe"" ""Slut"" ""Bitch"" ""Cunt"" ""Whore"" Abuse Sexual assault Dehumanization You get the idea. Y'all treat like ",0,hoe slut bitch cunt whore abuse sexual assault dehumanization get idea treat like
I find the ranking of priests vs journalists particularly ironic here... ,0,find ranking priest v journalist particularly ironic
"Ray Kurzweil, talks to The Drum about brand trust, how AI can help advertisers; technology aiding human evolution… ",0,ray kurzweil talk drum brand trust ai help advertiser technology aiding human evolution
The man who won the Brexit referendum for Leave who now thinks it was a mistake ,0,man brexit referendum leave think mistake
Donald Trump: Russia may have interfered with 2016 Presidential election ,0,donald trump russia may interfered presidential election
"Integration Architect, Dublin - ",0,integration architect dublin
You can't take advantage of first class if you've only signed up to economy. Nor should you be able to. ,1,take advantage first class signed economy able
Well said we can be incredibly selfish sometimes in Ireland. the EU has and continues to be good for ,0,well said incredibly selfish sometimes ireland eu continues good
"Katie Hopkins (formerly Anthony): British actor/actress, most notably portraying Hannibal in ",0,katie hopkins formerly anthony british actor actress notably portraying hannibal
; bet you a heterosexual orgy in the vatican would see the priests get counseling and th… ,0,bet heterosexual orgy vatican would see priest get counseling th
"(13) More photos of Justin Bieber spotted out in Sydney, Australia today. (July 6) ",0,photo justin bieber spotted sydney australia today july
Thread from one of the wisest Twitter commentators on Brexit.,0,thread one wisest twitter commentator brexit
Excellent. Well said. All credit to those who are constantly ,0,excellent well said credit constantly
"When priveleged white men have ideas; ""Let's give Muslim women freedom of choice, by not letting them choose""... o_O ",0,priveleged white men idea let give muslim woman freedom choice letting choose
a list of fandom things that make me uncomfortable: 1. omega verse/mpreg 2. gender swaps 3. y/n insert fics 4. 13 yr ,0,list fandom thing make uncomfortable omega verse mpreg gender swap n insert fics yr
We need to vett our Supreme Court and weed out the political Liberal ,1,need vett supreme court weed political liberal
"Trump in Poland again blamed Obama for Russian hacking issues, ""why didn't he do something about it?"" DT, what are YOU ",0,trump poland blamed obama russian hacking issue something dt
100 on my whrist 80 on me whrist lil pump never spend his Money on his ,0,whrist whrist lil pump never spend money
"South-Africa, - darling of the liberal world in 1994, - State Capture Report in 2 Minutes via ",0,south africa darling liberal world state capture report minute via
"Maybe he thinks this is really cool; 'liberal,' but stuff like this just reinforces notion of sexuality as a choice ",0,maybe think really cool liberal stuff like reinforces notion sexuality choice
When my bitch Candace hype me up I can't with her she does the ,0,bitch candace hype
"He HATES Obama because he doesn't have the brains,the class,the intellect of Obama. ",1,hate obama brain class intellect obama
"Careful. He/she is *this* close to defending American values from you, ",1,careful close defending american value
MARK LIVE ACCOUSTIC SINGING JUSTIN BIEBER LOVE YOURSELF,0,mark live accoustic singing justin bieber love
Almost told her bitch your man is almost 50... They stopped me because ....... The age thing is a touchy issue in that ,0,almost told bitch man almost stopped age thing touchy issue
"""Donald Trump is a selfish man's president"" ",1,donald trump selfish man president
WATCH: Former Labor leader Mark Latham says he's getting 'overwhelmed' with invitations to Liberal Party events. Live ,0,watch former labor leader mark latham say getting overwhelmed invitation liberal party event live
Some in politics would rather see Brexit delivered even if it meant Britain failed. ,0,politics would rather see brexit delivered even meant britain failed
Trent Partridge Trump: Russia 'and others' meddled in election ,0,trent partridge trump russia others meddled election
"""The man who led the drive to pull Britain out of the EU is admitting that it may well not work"" ",0,man led drive pull britain eu admitting may well work
"Also True, She Worked With Senator Lindsey Graham To Do It (More Bipartisan Evidence) ",0,also true worked senator lindsey graham bipartisan evidence
"LIVE NOW: Liberal members don't want Abbott to stop, while most ministers don't want him to stay. Is it time for a ",0,live liberal member want abbott stop minister want stay time
"""Then gathered the chief priests and the Pharisees a council, and said, What do we? for this man doeth many miracles."" ~John ",0,gathered chief priest pharisee council said man doeth many miracle john
"The word "" bitch"" has no gender .... These niggas bitches too ",0,word bitch gender nigga bitch
Fired FBI Director Comey decided to bury 47 hard drives with PROOF of Obama's spying. Furious yet? Watch this: ,0,fired fbi director comey decided bury hard drive proof obama spying furious yet watch
is dying. The British public realise they ,0,dying british public realise
Trump's first mistake was bringing Obama with him on this trip.Badmouthing… ,0,trump first mistake bringing obama trip badmouthing
police bust 'drug-fueled orgy' at top priest's apartment ,0,police bust drug fueled orgy top priest apartment
Donald Trump to warn that future of west is in doubt in Warsaw speech ,0,donald trump warn future west doubt warsaw speech
Bitch where? ,0,bitch
Just in case you missed the 'Vote Leave Chief admits Brexit was an error' story... ,0,case missed vote leave chief admits brexit error story
Anytime a nigga in a pic with the bad bitch hand...just know he don't give two fucks,0,anytime nigga pic bad bitch hand know give two fuck
Swim Ireland CEO Sarah Keane gets our Inspiring Girls In Sport Conference underway ,0,swim ireland ceo sarah keane get inspiring girl sport conference underway
"K-ELF , You will Destroy Super Junior !!!!! because you. fucking bitch ! ",1,k elf destroy super junior fucking bitch
BITCH THE FUCK DID I DO TO ,1,bitch fuck
"Technically, does an orgy have a minimum number of participants? ",0,technically orgy minimum number participant
High attendance at session with Joyce Epstein Aine Lynch from Ireland and Eileen Prior from ,0,high attendance session joyce epstein aine lynch ireland eileen prior
I think every belieber loves this about him! Justin ,0,think every belieber love justin
Five red hot American ‘punk’ bands you need to know including via ,0,five red hot american punk band need know including via
"President Donald Trump says the U.S. is working with Poland to address Russia's ""destabilising ",0,president donald trump say u working poland address russia destabilising
Which are you in debate? HT ,0,debate ht
"*slides $20 to One more gay character I'm begging u, plz just confirm it - it can be anyone but it'll",0,slide one gay character begging u plz confirm anyone
"Tomorrow, my Husband and I are heading off to beautiful Ireland for a well deserved holiday. However, there is no...",0,tomorrow husband heading beautiful ireland well deserved holiday however
His first mistake was bringing Obama with him on this trip.Badmouthing Obama may please his base here but Obama is,0,first mistake bringing obama trip badmouthing obama may please base obama
Psst! I'm in the Republic of Ireland! The fact that you've screwed No… ,0,psst republic ireland fact screwed
Indeed. The Mail/Sun/Star/Telegraph/Express to name but a few media outlets are vehemently anti Brexit.,0,indeed mail sun star telegraph express name medium outlet vehemently anti brexit
i need a FUCKING hug,0,need fucking hug
"(12) More photos of Justin Bieber spotted out in Sydney, Australia today. (July 6)",0,photo justin bieber spotted sydney australia today july
Mor Justin Bieber Justin Bieber Justin ,0,mor justin bieber justin bieber justin
Male model murdered 'for being too good-looking'... ,0,male model murdered good looking
And yet there ARE ,0,yet
Irish building sites face more chaos as crane drivers vote to ramp up strikes ,0,irish building site face chaos crane driver vote ramp strike
Trump meets Poland's Duda in Warsaw - U.S. President Donald Trump meets Polish President Andrzej Duda ahead of ... ,0,trump meet poland duda warsaw u president donald trump meet polish president andrzej duda ahead
bitch i hate when something happens and im CALM and then someone yells to me and i get so ,1,bitch hate something happens im calm someone yell get
"They will be more happy if China attacks India,defeat for Modi but victory for this liberal gang, why… ",0,happy china attack india defeat modi victory liberal gang
"""Life Is Worth Living"" by Justin Bieber has just been certified Gold in the US, the 12th song from 'Purpose' to receive ",0,life worth living justin bieber certified gold u th song purpose receive
"Wonderful to hear Sharan Burrow, leader of the global trade union movement, address us here in Belfast, Ireland at the ",0,wonderful hear sharan burrow leader global trade union movement address u belfast ireland
It's nothing to do with Toby Emily it's to do with you and that bitch sending hate to ,0,nothing toby emily bitch sending hate
"""It is the end of CNN"" is exactly what Vince McMahon &amp; Donald Trump were planning 10 years ago when they made the ",0,end cnn exactly vince mcmahon amp donald trump planning year ago made
"Wearing make up does not make you gay. Make up is literally just a tool to dress up. Amazing, isn't ",0,wearing make make gay make literally tool dress amazing
My fav made my Venmo balance $100 to say goodnight he's the best weak bitch ever. ,1,fav made venmo balance say goodnight best weak bitch ever
Continuing good news: UK shrugged off with record in the first half of 2017 ,0,continuing good news uk shrugged record first half
PMD has become one of the region’s most influential medical device manufacturers ,0,pmd become one region influential medical device manufacturer
Do I think it's right to cheat? I plead the 5th. Such moral pontifications are best left to priests and politicians. I'm here to ,0,think right cheat plead th moral pontifications best left priest politician
Ah the priests in the Vatican must be opposing it too then ,0,ah priest vatican must opposing
Yeah next thing you'll see is the president on a ,0,yeah next thing see president
"""We said Hi to Justin; he said 'Hey, what's up?' We told him we loved his jumper he smiled at us!"" - fans who met ",0,said hi justin said hey told loved jumper smiled u fan met
"So, this group can not self control, the cult has no internal sherif, there for the cult of the Roman Catholic... ",1,group self control cult internal sherif cult roman catholic
Both and get their orders from China. Purchased at a Price ,0,get order china purchased price
New Zealand MPs apologise for hurt caused by gay sex convictions ,0,new zealand mp apologise hurt caused gay sex conviction
"Pray for Steve Scalise, he's back in the ICU. All because a liberal disagreed with his opinion. The left should be ",0,pray steve scalise back icu liberal disagreed opinion left
"Katie Hopkins, who's wages you pay called for a 'final solution' in regard to Mus… ",0,katie hopkins wage pay called final solution regard mu
Vatican police 'break up gay orgy at home of secretary of one of Pope Francis's key advisers' ,0,vatican police break gay orgy home secretary one pope francis key adviser
Less of a meme. More me and f*ck you - nicely. Katie Hopkins calls CNN Clinton News Network ,0,less meme f ck nicely katie hopkins call cnn clinton news network
when will you accept you're part of the problem There are NO upsides to for bar ,0,accept part problem upside bar
"Why was this same press not critical of Obama, who set up a culture of corruption in the ",0,press critical obama set culture corruption
"Didn't expect this from Sushma Swaraj, one of the most liberal ministers in the NDA. ",0,expect sushma swaraj one liberal minister nda
"WATCH: Uniting Ireland. Economically viable, or fiscal deal-breaker? - I spoke with Irish Republican MEP ",0,watch uniting ireland economically viable fiscal deal breaker spoke irish republican mep
Media spent more time looking for a Reddit user than it ever did finding the truth behind Obama's illegal cash ,0,medium spent time looking reddit user ever finding truth behind obama illegal cash
FEMALE PRIESTS ARE NOW IN DF GLOBAL And I really don't want to play DFO ,0,female priest df global really want play dfo
Check out this job title at RSA Insurance Ireland.: I'm sure it's indury not inury ,0,check job title rsa insurance ireland sure indury inury
The arrogance and lack of respect for our system of governance that Obama is demonstratin… ,1,arrogance lack respect system governance obama demonstratin
Vatican police 'break up gay orgy' at home of one of Pope Francis' advisors ,0,vatican police break gay orgy home one pope francis advisor
The problem is that all of us (liberal and conservative) have been conditioned not to th… ,0,problem u liberal conservative conditioned th
. purple dots on this map show where birds ringed in Britain Ireland have been found - isn't migration amazing? ,0,purple dot map show bird ringed britain ireland found migration amazing
Jesuit priests solve murders in the film adaptation of FH Batacan's Palanca-award winning novel | READ: ,0,jesuit priest solve murder film adaptation fh batacan palanca award winning novel read
Girls with resting bitch face are lowkey the best to date. They only smile at you the rest of the time look like they ,0,girl resting bitch face lowkey best date smile rest time look like
County Galway – one of Ireland’s most beautiful and popular areas. Discover what it has to offer ,0,county galway one ireland beautiful popular area discover offer
dont listen to them they're a little ,0,dont listen little
New book reveals Massive Clinton/Obama cover-up ,0,new book reveals massive clinton obama cover
Obama Bundler Judge William Orrick Wrong on Sanctuary City Funding ,0,obama bundler judge william orrick wrong sanctuary city funding
And we look forward to you accepting the need for as turns out to be the disaster any ,0,look forward accepting need turn disaster
Pls play me Justin Bieber despacito please ,0,pls play justin bieber despacito please
"EU chief neg ""in classical negotiation 'no deal' would mean stauts quo. In Brexit 'no deal' means return to a ",0,eu chief neg classical negotiation deal would mean stauts quo brexit deal mean return
"What is Liam Fox smoking? Without the overt support of the Daily Mail, Telegraph, Sun and other rags, Brexit would… ",0,liam fox smoking without overt support daily mail telegraph sun rag brexit would
"Hearts in Ireland | Ian Cathro talks Perry Kitchen, midfield reinforcements Kyle Lafferty debut ",0,heart ireland ian cathro talk perry kitchen midfield reinforcement kyle lafferty debut
You were never an atheist but confuse horny abnormal masturbator anti gay in denial ,1,never atheist confuse horny abnormal masturbator anti gay denial
The whole speech made me cry. Obama didn't respect our Vets or any of our men and women in ,1,whole speech made cry obama respect vet men woman
But he had a go at Bad ,0,go bad
i got so many groups i wanna stan espeCIALLY SEVENTEEN ,0,got many group wanna stan especially seventeen
"Vastly underreported for much too long: Persecution of gay men, LGBT+ people in Putin violates human rights ",0,vastly underreported much long persecution gay men lgbt people putin violates human right
"The priesthood has, ironically, long been a sanctity for gay Catholics. Many gays became priests but… ",0,priesthood ironically long sanctity gay catholic many gay became priest
"Liberal dummy spitters can't get what they want so fuck everything and leave the country in shit, sick of these ass ",0,liberal dummy spitter get want fuck everything leave country shit sick as
Andrew Garfield Causes Twitter Frenzy After Claiming He’s Gay ,0,andrew garfield cause twitter frenzy claiming gay
"2. In Russia remarks, Trump appears angrier with Obama's response than Putin's meddling. “Why did Obama do nothing about ",0,russia remark trump appears angrier obama response putin meddling obama nothing
"(10) More photos of Justin Bieber spotted out in Sydney, Australia today. (July 6) ",0,photo justin bieber spotted sydney australia today july
"Without associates, Priests can celebrate 4-7 Masses per weekend. The Pope's instruction to prefer concelebration is ",0,without associate priest celebrate mass per weekend pope instruction prefer concelebration
"""I am beginning to hear talk in some quarters that Brexit may not actually happen"" reports ",0,beginning hear talk quarter brexit may actually happen report
