text,label
{'Imagine how many have done this already and got away with entering ,FALSE
JW filed a FOIA lawsuit against State Treasury seeking answers on Obama Admin's $400 million cash pymt to Iran. ,FALSE
I am curious as to how many priests impregnanted young girls and used abortion to ,FALSE
"Should read blames Obama, diminishes the intelligence community and slams CNN and ",FALSE
"Global Payroll Specialist Assistant Manager, Dublin - ",FALSE
White gay: but I thought the b in lgbt stands for babadook ,TRUE
Dear you - your husband worked the rescue boats in the Med. Plse may we chat off record katie@katiehopkins.co.uk ,FALSE
They were conducted by two priests to a bench placed in front of the house in the open ,FALSE
No body can convince me that Barak Hussein Obama was working to weaken America since his ideology is well known and it is compared to ,FALSE
Trump: Obama Knew About Election Meddling Back In Early August And Did Nothi (pls  ,FALSE
It's a sign of the current weakness of UK liberal centre that it's most popular commentators such as are ,FALSE
has just given a speech exposing the flaws in our the PM's approach to the Brexit negotiations here&gt; ,FALSE
Media never show anything against Maulvees Priests as dey have enough plots 2 defame Hindu saints. ,FALSE
Bitch can't sleeep at all. Too much on my ,FALSE
09 Obama - Listen up Racists Elections have consequences. Peaceful transition of power! If Dem's aren't Seditious?,FALSE
"Leave Hobby Lobby alone! God expressly stated no birth control and no gay marriage, but never said anything about ",FALSE
bullshit asymmetry post feat. ,FALSE
I'm a political opinionated patriotic secular liberal center kind of guy .... and I choose to speak for?,FALSE
yeah this must hurt like a bitch ,FALSE
"Pearl: To begin, this Holopearl will be your opponent. Holopearl: Level zero beginner set! Do you wish to engage in ",FALSE
A huge legal 'flaw' in Brexit could make it vulnerable to a court challenge ,FALSE
Let's kill the childish lie that Labour supports the Tories on ,FALSE
Best thing for is back defending paedophile priests. Pell needs his help RIGHT now ,FALSE
Third sign in three days Brexit is hurting the economy ,FALSE
"Donald Trump Is Not a ""Legitimate President"" JohnLewis is a TRAITOR to AMERICANS who voted for DJT! ",TRUE
Why you talking to your daddy like an underpaid ,FALSE
"Hearts in Ireland | Ian Cathro talks Perry Kitchen, midfield reinforcements &amp; Kyle Lafferty debut?",FALSE
Good morning! Intense week of press coverage for The new Hotel on ,FALSE
Lived experience vs ideology - Caller Tells Katie: Working With Migrants Changed My 'Liberal' Husband ,FALSE
Jdb Justin ,FALSE
Death of talented teen footballer (16) from 'cocaine-like' designer drug is first recorded in Ireland?,FALSE
BBC News - Exorcism in Italy a job 'too scary' for young priests ,FALSE
If Obama did ANY of the lunatic things has done since taking office the would have literally set the White ,FALSE
"It's back with Southern Ireland, where it ",FALSE
Obsessed with Obama who's presidency history will see as remarkable. 0 convictions from the black POTUS. How ,FALSE
gay ,FALSE
Raising real concerns on behalf of and but no assurance or answer from govt ,FALSE
Trump administration begins pushing Obama tax policies ,FALSE
A beautiful spot next to Dromoland Castle. Co Clare Ireland. ,FALSE
First they came for Katie Hopkins' was a joke but 'then they came for Luciana and I did not speak out for ,FALSE
Boris Johnson is an idiot.your version of Donald Trump.We don't care what he thinks or ,TRUE
The EU's chief Brexit negotiator says 'frictionless trade' is 'not possible' after Britain leaves ,FALSE
Jimmy tell us about dlf Ireland research and deve?,FALSE
Hacked computer server that handled DNC email remains out of reach of Russia investigators by Obama AG Lynch order ,FALSE
Sleep with the fishes: Gove's first move raises alarm over UK hard Brexit strategy via ,FALSE
my mirror: YAS BITCH YOU LOOK AMAZING! SLAY! my phone camera: ,FALSE
376. ) thanks Obama ,FALSE
"Liberal man goes to rescue refugees, starts hating refugees. ",TRUE
It isn't going to work. It will most hurt those who voted for it. I've lost my struggle to be optimistic about Brexit. ,FALSE
Ireland ,FALSE
"Another hour! It's July 06, 2017 at 07:00AM Justin ",FALSE
dam I'm a hard ass bitch ,FALSE
"""amount of energy necessary to refute Brexit bullshit is order of magnitude bigger than to produce it"" By ",FALSE
Donald Trump lays out the truth about Obama and the globalists on the world stage. You can't put thi?,FALSE
IM LIKE GAWD DAMN YOU DIRTY BITCH ,TRUE
"U.S. President Donald Trump says ""nations must publicly demonstrate to North Korea that there are consequences for ",FALSE
Must have to pose as tolerant and caring liberal while making homosexual slurs like Making Star ,TRUE
Find out all about the stories team behind Ireland's Gin in our 'Meet the Maker' interview:?,FALSE
Its the sorta shit a Katie Hopkins or Tommy Rob idoliser would say...gives away there ,FALSE
"Yes! Bcs we love and respect unconditionally,treat him like an human being, an artist and a ",FALSE
Long hair and a flat top is gay ,TRUE
I very rarely agree with Catholic priests but this I completely agree with. ,FALSE
CNN threatened to publish his name and address you old billy goat! Whose side?,TRUE
"(4) More photos of Justin Bieber spotted out in Sydney, Australia today. (July 6) ",FALSE
Its not gay to respect women. But it is pussy to love a ,TRUE
There is a cure to liberal madness - it's called traditionalism. ,TRUE
NI priests receive honours for peace and Irish language services ,FALSE
1500 words from and me on 12 lessons for Brexit from Norway's 23 years outside EU but in Single Market ,FALSE
i'm not gay? shut your ,FALSE
DRUG-FUELLED GAY ORGY AT VATICAN... ,FALSE
Maybe the church of priests. ,FALSE
For priests and politicians it seems to be one law for them and a different one for the rest of us. Hypocrites all? ,FALSE
"mum: whose twenty one pilots shirt is this dad: that's shannons, its her favourite band me: DAMN STRAIGHT ",FALSE
Give us as wave.... Hey Buddy Hey Biebsy I never heard Justin been call Biebsy. Justin Bieber ,FALSE
Another stupid liberal disaster for a leader. ,TRUE
"Trump tells it like it is and speaks his mind, refreshing as politicians normally never answer a question ",FALSE
Good Morning Beliebers Justin Bieber ,FALSE
Brexit is slow train crash...... Labour has to reverse policy and give our voters a choice. ,FALSE
The SNP are going to bankrupt Scotland ,FALSE
Gay Update: I'm currently feeling symphonically ,FALSE
Hated by the Right. Mocked by the Left. Who Wants to Be iberal?Anymore? ,FALSE
"YOU HAVE MADE THEM TO BE A KINGDOM AND PRIESTS TO SERVE OUR GOD, AND THEY WILL REIGN ON THE EARTH. ( REV. 5: 10 ",FALSE
"i don't think, i know i'm a funny bitch",FALSE
"At last, someone tells us what means. This, from ",FALSE
"Globalist and Socialist spreading their NWO. Using PC, Religion and Racism to accomplish it. Merkel helped the Devil ",TRUE
"Police stand idly by, watching the islamic hate speech yet arrest anyone who criticises islam. Self destructive ",FALSE
Donald Trump to give major speech in Poland - BBC News ,FALSE
define Justin ,FALSE
Right-wing pols must put nation health above Obama disdain ,FALSE
Roche and Ireland's Biggest Biopharma take their Parkinson's Antibody to Phase II ,FALSE
"""WE JUST DONT KNOW. IT COULD HAVE BEEN OTHER COUNTRIES TOO. OBAMA WAS AT FAULT?"" LIKE DUDE HOW STUPID DO YOU THINK WE ALL ",FALSE
"As a monotheist, he was despised by the priests of other cults and most depictions of him were destroyed after his ",FALSE
Brexit negotiator in post-exit trade warning ,FALSE
Trump supporter vandalized school with iberal hate speech?to frame White House detractors ,FALSE
"Twas Brexit, and the slimy Gove Did lie, dissembling, in the Mail All flimsy was the case for Leave And Remainers' wrath ",TRUE
"More liberal criticism of Trump's attacks on the free press. Oh wait, this is from a GOP Senator. ",TRUE
Pope nfuriated?after cops raid drug-fueled ay orgy?at Vatican priest apartment: report... ,FALSE
What a sexy bitch,FALSE
Check out Shannon Crystal Designs Of Ireland 24% Lead Crystal Single Candlestick 6 1/2 In via ,FALSE
David Guetta ft Justin Bieber - 2U (The Victoria Secret Angels Lip Sync) ,FALSE
How become the voice of liberal Britain ,FALSE
"CNN is claiming Trump's wrestling tweet was anti-Islam and racist. When things go against you, the Liberal play book says ",TRUE
Phelan sets out how Hrabanus Maurus's commentary on Matthew worked as a handbook for busy priests on the go in C9 Mainz ,FALSE
"Senior Tax Manager, Top 12, Dublin - ",FALSE
"""Fake news!"" ",FALSE
"Its called the LoganAct and u just violated it again, Barack Obama And there will be consequences for your behavior ",TRUE
Donald Trump thinks Russia might have interfered in the 2016 US election: AFP ,FALSE
NORTH KOREA MISSLE: HOLLYWOOD Foreshadowing. Too bad Obama didn't see movie.,FALSE
"Liberal can't believe Trump will win in 2020, Retweet if you think he will WIN in 2020! Click here to get a T-shirt",FALSE
good morning harry did THAT he's acting bitch ,FALSE
President Obama Was The Greatest Hoax Ever Perpetrated On The American People,TRUE
Corporate lobbyists and shock doctrinistas are negotiating Brexit. We need to be vigilant. ,FALSE
Justin Bieber's Crowd,FALSE
Policy Exchange was co-founded by Michael Gove ,FALSE
Much at stake as Ireland women hockey team enters semi-finals Triumph over Japan in Johannesburg would kee?,FALSE
Stay up to date with THE JUICE! Follow US!!! Police Raid Vatican Priest Drug-Fueled ay Orgy?In Apartment R... ,FALSE
late night thoughts can go one of two ways.. 1. freaky as fuck or 2.. sad denna ,FALSE
Otherwise I think there's danger of a backlash pushing us faster and harder into ,FALSE
Does work? Ireland is at the forefront of our own political debate in the UK ,FALSE
The EU is now booming - their migrants are returning. May is wrong to put immigration clampdown over UK economy. ,FALSE
smooth teen sex gay naked latinas photos ,FALSE
wanna wear my dungarees to pride but also don't wanna look completely indistinguishable frm every other white gay there ,FALSE
"I am Team Bieber...I will not hide, I wont back down! I will show my unconditional support for Justin ",FALSE
There will be no frictionless border between Ireland and the UK. It's a fiction. ,FALSE
"""Somoza may be a son-of-a-bitch but he's our son-of-a-bitch."" - FDR ",FALSE
"Well seeing that you're 5'6, you're pretty much a bitch too. You're dismissed. ",TRUE
Interstate showdown between Liberal Coastal Elites and the Red State Religious could haunt the Democrats in 2020 ,FALSE
Good ,FALSE
"(3) Another video of Justin Bieber out in Sydney, Australia today. (July 6) ",FALSE
Where's the outrage from Obama? No comment about the death of a police officer in ,FALSE
Do Catholic priests forget what they are told in confession? by Christianos Williams ,FALSE
Sewoon and Kihyun singing justin bieber's boyfriend my god ,FALSE
Trump administration delays Obama policy allowing transgenders to enlist in military | News | LifeSite ,FALSE
Not totally accurate. I've come across plenty Catholics who defend/deny the abuse/priests. ,FALSE
Justin Bieber via Facebook: ,FALSE
life is absurd im gay ,FALSE
Test drive the and discover why it's Ireland's best-selling car. Book your test drive today:?,FALSE
"Donald Trump to say in Poland speech ""fundamental question of our time is whether the West has the will to survive"" ",FALSE
"Video of Justin Bieber out in Sydney, Australia today. (July 6) ",FALSE
Charlie Gard: Donald Trump 'to confront Theresa May over terminally ill baby boy' ,FALSE
"Assistant Financial Accountant, South Dublin, South Dublin - ",FALSE
Liam Fox just did a 'Leadsom' and accused the media of wanting Brexit to fail via ,FALSE
imagine your boyfriend dies and 5 b*tches post flipagrams and screenshots about how he was the love of they life. bitch ,TRUE
Vatican Police Raid Top Priest Apartment For Drugs And Find Gay Orgy - ,FALSE
" says if you join the NSW Liberal Party, you have almost no say in policy debates or pre-selection ",FALSE
Polly takes balanced view of and at last. Thank you ,FALSE
170706 ?JUSTIN BIEBER PURPOSE TOUR ,FALSE
"Wonderful to hear Sharan Burrow, leader of the global trade union movement, address us here in Belfast, Ireland at?",FALSE
"Donegal, Ireland ",FALSE
can you believe there's people saying justin bieber can't sing. so blessed that i got to hear this life ,FALSE
Latest FIFA Men's World Ranking: 13 - England 20 - Wales 22 - Northern Ireland 29 - Rep of Ireland 58 - ,FALSE
"But life is short like my height, I was already home and I can't forget her smile goddammit I'm not gay but srsly i?"": False, ""Brexit faces potential court challenge over 'technical flaw' in way Article 50 was triggered ",FALSE
Lunch with Obama was dope yesterday ,FALSE
"i can't believe the newest danish political party's name can be translated to ""new bourgeois"" or ""new ",FALSE
"there will be a big crowd because they have bussed people in. Obama never had to have people bussed in. Trump in ': True, 'Ireland joins France, Germany and Bulgaria in banning fracking - UK needs to follow",FALSE
The Americans left it too late to book a hotel for Trump in Hamburg for the G20. via ,FALSE
"Asked about well-documented Russian meddling in '16, Trump says it could have been Russia and other countries -- pivots ",FALSE
Never let you go Justin ,FALSE
even APPARENTLY sinc?,FALSE
In their little liberal minds they think they are the only people that m?,TRUE
"18. Beautiful Soul - Jesse McCartney. Before we had Justin Bieber, we had teen pop sensation Jesse McCartney. ",FALSE
BITCH OMG ,FALSE
Twas Brexit ... via ,FALSE
Caller Tells Katie: Working With Migrants Changed My 'Liberal' Husband ,FALSE
"Ok, so I'm not the only that has thought The Rock and Barack Obama look alike in some way. Just found this face mashup ",FALSE
that's because everyone's fucking gay kumiko ,TRUE
All these nancies who want to axe my Ass please I am not a gay. Please stop nagging my inbox with your stupid nude ,TRUE
Priests make arrangements to offer the holy drink to Lord Jagannath for Adhar Pana begin ,FALSE
Karma is a Bitch... Give out what you want to ,FALSE
Justin Bieber crowd tonight! ,FALSE
"McCain is a SELL-OUT, and a COWARD, and a Bitch, like OBAMA, took millions from SANTANIC PEDOFILE GEORGE ",TRUE
18. But. Rest assured that a change is coming. No one currently has a democratic mandate for the shape of ,FALSE
"if a bitch smiles when she mad, she's crazy as hell ",FALSE
Won't spoked a word on crimes of Maulavis/Priests but was greedy making news on innocent Hindu Saint ,FALSE
"This is what Brexit ""hardball"" looks like from the EU\'s Michel Barnier aka ""you can have your cake and pay for it"" via ",FALSE
Letter of the week in today's about those new Tory Brexit tribes ,FALSE
There's a slut on my dick! ,TRUE
"Business Development Consultant - French Market, Dublin - ",FALSE
1st Qtr. Salary to Go to Fix Antietam Battlefield ,FALSE
"and rule Hot 100 yet again with ""Despacito,"" feat. ",FALSE
Justin Bieber - Love ,FALSE
Do you think it'll be worth staying in the UK post ,FALSE
espacito (remix)?is officially the most popular song in genius HISTORY,FALSE
"Lindsay Lohan defends President Trump, asks people stop 'bullying him' ",FALSE
rt if you're gay/lesbian rt if you're trans/bi rt if you're straight rt if you support gay rights rt if we should throw ,FALSE
"Contrast with President Obama, who often made a point of extolling a free press â€?especially when ",FALSE
The EU's chief negotiator just made an ominous warning about ,FALSE
"Trump admits Obama ""was told it was Russia by the CIA"" that meddled in US election. Then equivocates and launches iâ€?",FALSE
If I were a right winger this is what I would be. Seems about right since I am a social liberal who voted for Ron Paul ,FALSE
BITCH WTF IS THIS ,TRUE
"With returning July 17th, pubs around Ireland are busy preparing for its return! ",FALSE
even APPARENTLY sincere MORTAL priests truly LETHAL ALL choose freely IMMORTAL high priest as Abraham did and ask God ALL perfect Love of ,FALSE
"Those priests and elders believed in the gentile king, without believing in ",FALSE
This is what the Obama admin. was working on last summer (a deal that collapsed after the UN aid convoy bombing). ,FALSE
"I must say, I do enjoy reading your tweets. You are so direct and truthful. Keep up th?",FALSE
he also shot the Catholic priests (good Catholic that he ,FALSE
But 9gag is pretty gay ,TRUE
DID YOU TURN INTO A LEFT LIBERAL PACIFIST?! COW ISN'T LOW ,TRUE
BREAKING: Northern Ireland reach highest ever FIFA world ranking ,FALSE
I'M ,FALSE
The latest anti-ISIS strategy from the Pentagon looks a lot like the one under the Obama administration: ,FALSE
Anecto will be exhibiting at Med In Ireland 2017. See here for more information about Anecto: ,FALSE
"Madeline's timeline is Trump, anti CNN, Katie Hopkins Despite her biog,?",FALSE
The biggest reason for priests?silence in the face of our moral meltdown | Opinion | LifeSite ,FALSE
Tabiki justin Justin ,FALSE
let me get my fatass to sleep before i get no sleep at all and i'm at work w zero hours of rest and dealing with bitch ass ,TRUE
"Senior DevOps Engineer Job, Dublin - ",FALSE
Opro Become Official Mouthguard Of Hockey Ireland Opro teams up with Hockey Ireland to ensure players receiv?,FALSE
You can thank Obama Hillary and the Left for their anti-police sentiment and siding w They luv prote?,FALSE
"Trump: Obama knew about election meddling back in early August and did nothing, he hoked?- ",FALSE
"Belieber are one family from different all around the world, colours, faiths, speaks different languages ",FALSE
controversial carbonara is fit for a bedroom feast ,FALSE
Never mind no tickets being on sale for Celtic Fans.People from West Belfast have always been good at finding Touts ,FALSE
US-China gap on NKorea policy widening as interests diverge - U.S. President Donald Trump's hopes for China's h... ,FALSE
Trudeau at Toronto Gay Pride Parade: ride mubarak appy Pride to Allah?,FALSE
Breakfast of Champions ,FALSE
 bitch is you BLIND ,TRUE
Last day of 3 2s v Wolves Ireland currently 95 for 5 lead of 55 ,FALSE
"But you advertise in the Daily Mail, where columnist Katie Hopkins refers to fore?",FALSE
"The Financial Times just printed their most NSFW letter ever, and it's about Brexit ",FALSE
Straight people really don't know how to tell when someone is gay. Y'all think not following gender roles determines a ,TRUE
Justin Bieber Is Unlike Any Other Pop Star in History | Oprah Winfrey Network... via ,FALSE
I liked a video DeshBashi To(Despacito Parody) Justin Bieber Ft VATMAN[[VIDEO BABA ,FALSE
Last night latest to report fear of left Labour govt forcing elite rethink on Brexit ,FALSE
"Should be clear to all now that Trump is Putin's bitch, pardon the language. Must be very serious 'kompromat' Russia is in ",TRUE
Should do a celebrity version of starring and ,FALSE
"Thank you for sharing your dream letting us be part of your life, Journey Purpose ",FALSE
The possessed priests? I don't think so; they use their timer code for something ,FALSE
Job hunting in biopharma? Regeneron is hiring ,FALSE
"Trump in Poland: Obama ""did nothing"" on Russian meddling ",FALSE
Very sad my brother.The priests should know ,FALSE
Henessy 5150 Calling A Bitch ,FALSE
Elli Justin ,FALSE
JUSTIN BIEBER | | 9.30.17 | PHILIPPINE ARENA | Tickets on sale 7.9.17 ,FALSE
Racism comes out of the closet in Poland as egomaniac blames everything on Obama....again. ,FALSE
"Caught-Cocaine fuelledGayOrgy of Priests allied to Pro-Gay Cardinal Coccopamerio adviser to PopeFrancis, who is also ",FALSE
Donald Trump and Rob Kardashian got each other's backs ,FALSE
Justin Bieber Is Mobbed by Fans When Stepping Out of Nando in Sydney ,FALSE
Liberal losers blame bjp for everything instead of accepting that CM is fooling s?,TRUE
but I guess that's why whites don't live or want to live in liberal states anymore like New York and New Jersey and ,FALSE
"Given this North Korea mess, I would feel SOOO much safer if Barack Obama were in office. ",FALSE
no limit in the sky and fly for u ing seviyem Justin ,FALSE
Main goal seems to have been to make Matthew accessible to preachers and priests who had pastoral responsibilities ,FALSE
"When I watch this clip, it reminds me how anti-American Obama was. I get this sick feeling in my gut. How about You ",FALSE
The Indian's PM's visit to Israel is a sign the world is splitting into liberal democracies Vs authoritarian men ,FALSE
"egislators, priests, philosophers, writers, ans scientists have striven to show that the subordinate... ",FALSE
Former WH officials claim they were ordered by Obama to work against incoming Trump Administration,FALSE
"More photos of Justin Bieber spotted out in Sydney, Australia today. (July 6) ",FALSE
OH THIS IS GONNA BE GOOD!! OUR GIRL TOMMI LAUREN IS GOING HEAD TO HEAD WITH THIS LIBERAL TWAT! ,TRUE
BREAKING: US President Donald Trump mulls 'pretty severe' response to North Korea ,FALSE
Impact of welfare changes on rented Housing in Northern Ireland launching at the at parliament buildings ,FALSE
Ireland's top fashionistas are prepping for the Dublin Horse Show in August! Check out the gallery ,FALSE
Vote Beliebers Justin ,FALSE
"""I\'ve never heard a single liberal attack a Muslim church for not having gay weddings."" ",FALSE
118 DAYS UNTIL HALLOWEEN BITCH ,FALSE
Don't stop measuring someone's growth until they stop growing Justin Bieber ,FALSE
Minister says Ireland and France's relationship will get stronger after ,FALSE
Current lightning activity over the UK and Ireland. ,FALSE
We have a fab gay community in Manchester gets better every ,FALSE
"""Donald Trump leaves Angela Merkel to stand up for liberal values"" ",FALSE
"BBC would rather see Britain fail than Brexit succeed, suggests Liam Fox ",FALSE
"Vatican rocked: Police raid drug-fuelled gay orgy at cardinal's apartment, via ",FALSE
"So sweet! This one will melt your hearts! Here's a video of Justin Bieber with a Baby Belieber in Sydney, Australia ",FALSE
This explains Liam Fox's comments. He thinks BBC remoaners want UK to struggle with Brexit because he wants Scotlanâ€?,FALSE
"they want to run through the air with no barriers or obstacles, gunmen or guard dogs or ",FALSE
"Bitch, i'm highly fucking pissed off. I worked so hard to finally get my skin under control. Thought ",TRUE
A big thanks to for featuring Techies4TempleStreet on their blog. You can read the article at ,FALSE
Hey CNN The U.S. Isn't being forced to any table now that we have a President with the balls to back the Ameriâ€?,FALSE
No. Paedophile Priests are to blame for paedophile priests. Not women. Not children. Not little green men from Mars. ,FALSE
OMFG....these people are just pure fucking evil,TRUE
I'm the baddest bitch he ever fw ,FALSE
Leaving this gay legend in your tl ,FALSE
Even in Poland Trump continues to make the Russian hacking an Obama issue. I'm embarrassed as an American every time he speaks. Terrible ,FALSE
Is it at all possible for women to be Catholic priests? Read and share... ,FALSE
Get chatting with this ,FALSE
Trump is in Poland this morning lambasting CNN n OBAMA. You are disgusting over there so here to you jerk .... ,TRUE
Condoleezza Rice: Trump stands for American values and seeks to act in the best interests of the US ,FALSE
"""The EU\'s chief Brexit negotiator says \'frictionless trade\' is \'not possible\' after Britain leaves"" ",FALSE
When liberal Bill Gates is telling the EU they have to stop immigration you know the EU is facing total disaster ,FALSE
"His repeated lies today about Obama ""doing nothing"" to stop the Russians is such a complete embarrassment. ",FALSE
Always excited to hear of platforms expanding across Ireland ,FALSE
Hard and Soft Brexit in a nutshell. Courtesy of ,FALSE
The former President is being much too kind. ,FALSE
If we leave then will have succeeded but it will mean many failures for the UK. What doesn't under?,FALSE
"90% of the migrants pretend to be underage, so that should be a ",FALSE
Beliebers don't listen to the haters! Listen to Justin he is grateful loves us! Justin Bieber ,FALSE
"EU chief neg on another UK Brexit consequence ""all of their financial institutions will lose their passporting ",FALSE
and follow ,FALSE
Karma is a bitch only if you are one ,TRUE
Theyre still mad about the last guys skin c?,FALSE
Strike action threatens recovery in construction sector putting construction jobs at risk â€?CIF ,FALSE
july is officially gay sloth month ,FALSE
We are now 11.4107% of the way through Donald Trump's scheduled ,FALSE
US investment continues to flow into Ireland ,FALSE
Lord Balabhadra being offered the sweet drink during Adhar Pana ritual in Puri ,FALSE
8 Irish haunts and the famous writers ,FALSE
I'M LIKE GAWD DAMN YOU DIRTY BITCH ,TRUE
Y'all we need to support this EP w/ everything we have. These are 2 openly gay men not singing gender neutral songs ,FALSE
"Obama didn\'t want Trump to yell ""fixed ",FALSE
Do include women parishioners-in-thrall-to-male-clerics who also tell women priests how to dress ,FALSE
Seal caught 'chilling out' on rubber boat in Northern Ireland. ,FALSE
Lukaku is the top trending topic in Ireland with sentiment of ,FALSE
Wow - political correspondent from The Telegraph saying this. If the media turns against Brexit then we might be in with ,FALSE
45 will blame it on ,FALSE
New song Alert  DOWN bitch ,FALSE
Nazi: I want to burn down mosques. Liberal: Everyone has their own opinions Marxists: people shouldn't be homeless ,FALSE
"While this was taking place, namely, priests and monks, to draw him from his faith; however, they then have ",FALSE
is taken literally in Siobhan Gaffney's tale of in Ireland ,FALSE
"Northern Ireland up to 22nd (highest ever) in FIFA rankings. September '12: 129th, beneath Turkmenistan. July '17: ",FALSE
"Business Operations Executive, Ireland - ",FALSE
Barack Obama is an Instagram Husband ,FALSE
"That report highlights Obama\'s hypocrisy on class warfare. What does ""ice crams scoops"" and ""?",FALSE
Accept ya Bitch for who she is and build the shit outta ,FALSE
A series of T-shirts with prints in in support of ,FALSE
Science says liberals are psychotic: ,TRUE
Help to Create a National Animal Abuse Registry! Plz sign: Look at this:?,FALSE
Vatican Police Raid Drug-Fueled Gay Orgy at Priest's Apartment ,FALSE
You ,FALSE
"Let\'s get this cleared up!!! Putin did NOT call Trump a ""Genius"" he called him ""Colorful"" a dummy can be ""Colorful"" ",FALSE
How about the Vatican where gay priests have so much ,FALSE
You might be a libtard if... ,TRUE
Insomnia is a bitch. And it doesn't help that my neighbor decided to start mowing his lawn. AT 4:30 IN THE FUCKING ,TRUE
Summer in Ireland. Time ,FALSE
"Every day, Brexit slips further away from them. Just a few weeks ago, they'd scoff when you said it could be stopped. They ",FALSE
for a solo dm with Justin Bieber. Read my bio,FALSE
So I did well in school not because I believed in my ability but I was just scared shitless to fail. It seemed failure was = the ,FALSE
Why are they pulling out? Because you repukes are sabatoging Obama care because you don't want a Black?,TRUE
"Remember, Hillary and Obama blamed Benghazi attack on a YouTube video and jailed the producer. CNN is using the same ",FALSE
"FHA Becomes Competitive with PMI as Obama Okays Drop in Rates! Los Angeles, CA ",FALSE
sexuality is really fluid bc yesterday i was gay and now i'm ,FALSE
Pope nfuriated?after cops raid drug-fueled ay orgy?at Vatican priest apartment: report ,FALSE
"Just found out Obama tapped my phone, Bad Guy Don't miss our regular updates on life in the West Wing ... ",FALSE
This is where Britain currently stands with its Brexit deal. It's not good ,FALSE
Donald Trump says Nato allies must 'get going' on financial obligations and vows to confront North ... ,FALSE
Wait guys what do you think being gay is? ,FALSE
Cork fire: his building had a sad past but it deserved a much better future?,FALSE
"for 1st time since the ref, it feels like Brexit is not inevitable. This is because it's a terrible idea and Brexiters ",FALSE
Interesting still only 17% female representation in engineering classes in Ireland today - despite all our hard work ,FALSE
Stop lying ,FALSE
"Yes, Justin Bieber made a baby cry and it was as strange and awkward as anyone could imagine",FALSE
Must Read: Reality check from EU chief negotiator about Brexit road ahead. Huge wake up call for ,FALSE
Poland; Saudi Arabia rolled out a red carpet for Trump. They didn't do that for Obama. Only 5 months in; countries ,FALSE
Time for leadership - calling all future leaders across UK; Ireland 15-16 Sept | Belfast ,FALSE
Alarm over revelation Northern Ireland jails temporarily release one killer every four days why send them to ,FALSE
Jeremy Corbyn 'very good friends' with preacher who compared gays to paedophiles Corbyn wears Gay ,TRUE
Turns out a Liberal Govt can have a rational discussion on clean energy. take note. ,FALSE
"Such a ban is another example of liberal wishy-washy thinking, preposte?",FALSE
"Another video of Justin Bieber spotted out in Sydney, Australia today. (July 5) ",FALSE
Can we talk about the fact Donald Trump and Rob Kardashian essentially tweeted the same thing today ,FALSE
teen sex ireland images ,FALSE
my soul mate needs 2 hurry up because a bitch has had enough ,FALSE
"""Beliefs rather than facts."" Blair then, Brexit now. ",FALSE
Yay for the gay!! ,FALSE
Some strong liberal voices to follow; ,FALSE
"Here it is! The is coming back in Sept, and tickets are FREE. Read about its exhibitors &amp; seminars?",FALSE
"""I\'m eighteen! Shut up and let me have fun!"" -Lewd RP -99% Gay trap -Cuter than you. -Artist: ",FALSE
"Ironically, it is the jingoism of the Brexit press that has super-charged the oncoming reckoning with ",FALSE
Theresa May promised Northern Ireland 1 billion. Now public opinion is turning against her cost-cutting policies ,FALSE
Today's devotional explores the duties of the early Priests and how that applies to us today. Read here ,FALSE
Lindsay Lohan Tells People to top Bullying?Donald Trump ,FALSE
Ireland is one of the rare European countries to have escaped the populist wave (via ) ,FALSE
"America: Happy Four- Malia Obama: ""It\'s my birthday"" ",FALSE
Ireland Go For Gold at World Rowing Cup in Lucerne ,FALSE
Big pharma using the courts to ensure HIV prevention drug remain prohibitively expensive for those who need it ,FALSE
I liked a video. Despacito - Luis Fonsi ft. Justin Bieber (Devienna ,FALSE
Jus got rich... took a rich nigga bitch oooooooo ,FALSE
The liberal media is spreading lies about conservatives in Missouri. It's literally fake news. WATCH: ,FALSE
justin bieber youre the only reason why i dont wanna live a lie ,FALSE
I'm not crowding my space w/ priests to make me feel secure because I'm raped. They simply have better issues than ,FALSE
News: will hit the road together with the great from Ireland this october/november!?,FALSE
"""Life Is Worth Living"" by Justin Bieber has just been certified Gold in the US, the 12th song from \'Purpose\' to rec?",FALSE
bitch BitCh bItcH ,TRUE
When exactly did Obama EVER trash Bush as DJT does ,FALSE
List of better candidates (partial): Biden Harris Franken Warren Kander Booker Murphy Newsom Obama Oprah Beyonc GaGa ,FALSE
BREXIT BACKLASH: 'Ambiguous' Corbyn told EU exit will be orse for HIM than Theresa May?and could SPLIT Labour ,FALSE
"I'm the One (feat. Justin Bieber, Quavo, Chance the Rapper &amp; Lil Wayne) by DJ Khaled?",FALSE
hat matters now is not the skills you have but how you think.?,FALSE
"Police bust priest wild, drug-fueled gay orgy, and now the Pope is pissed ",FALSE
Just because you're a hundred doesn't make you intelligent quite the opposite?,FALSE
Bitch. WINNER - REALLY REALLY is now the most downloaded song by a boy group on Gaon this yr with over 900k ,FALSE
"Another video of Justin Bieber out in Sydney, Australia today. (July 6) ",FALSE
Big govt and Obama should be ur enemy.?,FALSE
Cladding tests offered to Northern Ireland's property owners ... - Belfast Telegraph ,FALSE
Leave the bitch at the party cause 9 times outta 10 the female you take home will be ,TRUE
Time spent talking about Obama and whether he hoked? 80 seconds Time spent talking about Putin and whether he deserves ,FALSE
Liberals In For A Rude Awakening: A Successful Donald Trump Presidency | ,FALSE
This veteran's message to Donald Trump telling him to resign today is going viral. ,FALSE
"By ""that one bitch"" do you mean the bitch from universe 6 ",TRUE
Anonymous gay hookups: ,FALSE
"Ren and Nora side-by-side, because I am trash.",TRUE
Hi I'm Kory and I'm over gay men. Bye. ,FALSE
Justin ,FALSE
"Priests not required to take a vow of poverty, depends on the order. Monks normally take poverty ",FALSE
We went from a super cool President Obama to this confused MORON who can't find his limo in front of him.,TRUE
Brilliant day at Parliament with lobbying MPs; Lords to give the creative industries a voice in Brexit ,FALSE
ohhhhhh bitch the ironyI had to bring this back for the culture,TRUE
Burnley have agreed a fee that could reach 3m for Stoke City Republic of Ireland forward Jon Walters. More: ,FALSE
Bitch I just need your mouth closed legs to divide then watch me kill that pussy kat like a big dog ,TRUE
tfw you're short and gay like everyone ,FALSE
"Wow...just, wow...Catholic Church: Women are to Blame for Pedophile Priests- Via - ",FALSE
Good to see Mark Latham on sky again.Sounds like Mark is more Liberal than the ,FALSE
"Trump's 1st Qtr. Salary to Go to Fix Antietam Battlefield // Thank you, Mr. President. ",FALSE
"Priests offer the Adhar Pana, a holy drink to Maa Subhadra in Puri ",FALSE
Liberals attacked after violent wrestling gif: 0 Liberals attacked after scary NRA ad: 0 Republicans shot by liberal in ,FALSE
That should be me Justin ,FALSE
"Who elected your liberal mayor, your liberal representatives, your liberal politicians? Please learn ",FALSE
Ireland has so many capable courses that we could have an Irish Open and a Northern Irish Open on the European tour ,FALSE
"Donald Trump on US election interference: ""It was Russia and I think it was probably others"" ",FALSE
Cycle path to the Alps. The lack of safe cycling paths and roads in Ireland is a disgrace. ,FALSE
"As I could, because I wanted to find my fucking dog. Like wtf am I supposed waste my time find cute ass pictures of her? No bitch, fuck ",TRUE
"And don't worry, you didn't do anything because everybody knows you voted?",FALSE
"For me, whom your brother May ill never earn, till Thou falle a milk-white steed, To come and gay, ",FALSE
"Beast, beast it Bite me, ride me Strike me, indict me Sniper, swiper, rapper, trapper I'm-lit, light-ning ",FALSE
press conference. liberal media are bad. no security guarantees to Poland. Poland buys US arms/gas. Poles r ,TRUE
Gender pay gap triples in Donald Trump's White House ,FALSE
Obama held a July Fourth party for military families every year Trump tweeted a CAMPAIGN song Then went ,FALSE
Miss Ireland Promo 2 Get it here: ,FALSE
That's pathetic! I better start watching my ,FALSE
Check out and Federation of pledge to athletes / artists. ,FALSE
BTS stands for Bitch There's ,FALSE
NBC News: Obama warned Trump that North Koreans were working on a long-range missile that could reach the U.S. ,FALSE
Not even sure where I fall now! Fiscally conservative Socially liberal Libertarianish. GOP spends mo?,FALSE
Northern Ireland reach Fifa ranking high ,FALSE
"my first for on 5 crucial american bands including , , &amp; more. ",FALSE
NEWS! Donald Trump arrives in Poland to begin search for next Eastern European wife ,FALSE
President Obama warned Trump that North Korea was working on an ICBM that could reach the U-S mainland. WATCH: ,FALSE
Idiot. The DUP did not get a penny. The people of N Ireland got the?,TRUE
"The Sooner the Licence fee is scrapped the better, They do nothing for the unity of our country. ",FALSE
trutherbotsilve: Science says liberals are psychotic: ,TRUE
"On 7pm, discussing CNN, Mrs A and Liberal unrest in Wentworth seat (ML speaking: Bellevue Hill Branch ",FALSE
"Terrifying incompetence from this Tory government, I wish I felt Labour would be better on Brexit, but I have no faith ",FALSE
bitch no send ,TRUE
is trending high! Top Trends every hour only ,FALSE
"Pharmacist Jobs in the Hull Area, United Kingdom - Ireland - ",FALSE
"See our latest and click to apply: Field Marketing Manager ?UK, Ireland; Africa - ",FALSE
"The Brexit vote sent the pound lower, making imports more expensive and pushing up inflation ",FALSE
love live is gay ,FALSE
It isn't possible to make this work on the border between R.Ireland and N.Ireland. The border goes through farms. ,FALSE
Basically a gathering of sniveling liberal ,FALSE
"nytimes ""Was Russia solely responsible for campaign meddling? ""Nobody really knows,"" Trump said. Live updates: ",FALSE
"Well that Katie Hopkins needs to get a fucking life, judging people like, what love you ain't fucking perfect ",TRUE
"Tinashe Answer: ""The Temple of God was then dedicated with great joy by the people of Israel, the priests, the Levites, and ",FALSE
It's called Obama ,FALSE
"More photos of Justin Bieber spotted out in Sydney, Australia today. (July 6) ",FALSE
im your gay ,FALSE
"""Liberal anti bullying groups have rounded on CNN !!"". No they havent, Im totally bullshitting ",FALSE
"Boris Johnson says Donald Trumps approach to politics ""has gripped the imagination of people around the world"". ",FALSE
More me and fuck you - nicely. Katie Hopkins calls CNN Clinton News Network ,TRUE
Guardian: Investigators are looking into whether pro-Trump websites coordinated w/ Russia over releasing fake news. ,FALSE
I hope they also realise that many priests only pretend to be religious to keep their cushioned job.â€?,FALSE
"Rundown Liberal Chicago is $14B in debt murder capital, but Rahm pays for ""Real Fake"" CRAP outside Trump Tower.",FALSE
"When Obama was President, the LOVED talking about stock market rallies! Now they barely mention new ",FALSE
"""so here I was ready for the comeback of One Direction but then that bitch Harry decided to do another world tour next ",TRUE
you love a female the right way she gone be the coldest bitch ,TRUE
"Felicity Wilson, Liberal MP for North Shore, admits she does not have double degree",FALSE
Am I the only one to notice that our liberal friends have been tweeting less since the Blashpemy Violence by Muslims,FALSE
"Brilliance. You heard it here first, ladies and gentlemen. Straight Until Proven Gay.",TRUE
This is why Obama and Hillary don't celebrate the 4th. ,FALSE
even APPARENTLY sincere MORTAL priests truly LETHAL ALL choose freely IMMORTAL high priest as Abraham did ask Godâ€?,FALSE
fuck model gay ,TRUE
mbbs: mx are so gay for each other me: same Omg rt rt not mbb: mx are so gay for each other me: wDYM ,TRUE
Robert Mueller's Suicide Squad of Lawyers Has Donald Trump Sounding Extremely Shook ,FALSE
Lord Jagannath being offered holy drink during Adhar Pana ritual in Puri ,FALSE
New single ,FALSE
"Barack Hussein Obama warns Americans about ""too much patriotism"" if this traitor should stay out of the country he hates ",FALSE
Guinness to start printing calories on cans ,FALSE
Donald Trump chants all day ,FALSE
You're all ,FALSE
"President Trump, in Poland, said ""nobody really knows"" if only Russia meddled in the U.S. election. Live coverage: ",FALSE
"BillMoyersHQ: can do more to reduce the gap btwn the rich and poor -- July 06, 2017 at ",FALSE
Your copy of The Agenda ! ,FALSE
What the voters failed to notice is that there is more than one elite. They have handed the country to a ,FALSE
Please join us in praying for our priests. Today we pray for Rev. Paul J. ,FALSE
Trump still obsessing about ,FALSE
"Letter of the decade on Brexit, only in ",FALSE
The latest The PCOS in Ireland Daily! Thanks to ,FALSE
"I said- You're neva, eva, eva gonna- Get my- Fake eye- Didn't I ",FALSE
HAPPY GAY PRIDE Photo by Israel Garcia ,FALSE
You're just another typical Looney Left disrespectful intolerant liberal ,FALSE
The NRA is now openly advertising itself as a right-wing paramilitary organization whose job is to intimidate and attack ,FALSE
Tell my ex that my new nigga get me wetter bitch - ,FALSE
"stereotypical gay man: flouncy, wears pink, camp, high pitched voice, overly flirtatious real gay man: a man who is ",FALSE
I invented the Donald Trump piata,FALSE
When we some taught OngNiel is dead but bitch they are making a comeback ,FALSE
"MSM won\'t show this but Brits are in the streets chanting, ""Donald Trump, We Love You, Britain First, Fighting Back"" ",FALSE
I WENT HOME EARLY BITCH U WAS SUPPOSED TO GET WORKING ON SHIT BUT THE ONLY SHIT I GOT DONE WAS REST AND DRINK WATER ,TRUE
Ireland might be big to us but we're only a small part of a big diverse population ,FALSE
When u use the flower filter to look innocent but Ur still a venomous lil bitch ,FALSE
Congratulations to the dedicated professionals of the USSS as they celebrate their 152nd anniversary. Thank you! ,FALSE
"don't play with me, play with yo ",FALSE
hair love life ,FALSE
"""guys just wanted to let you know if you didn\'t know I\'m Justin Bieber"" ",FALSE
Gay Porn Behind The Scenes Fucks Bareback MORE ,FALSE
South Australia has the most liberal access pathway for medical cannabis. This however is usurped by the TGA regs. States ,FALSE
Obama Letter to Trump via ,FALSE
A plea for interaction with other people from a man who called Brexit voters 'the lager louts of Europe' ,FALSE
"(5) More photos of Justin Bieber spotted out in Sydney, Australia today. (July 6) ",FALSE
Solution to the Turnbull vs Abbott impasse - for Liberal Party Leader f?,FALSE
This picture just called me an emo bitch in high school and then snapchatted me for nudes at 2 AM when we graduated ,TRUE
"Wow:""Compared with Trump 50 confirmed, nominees, Obama had 186, Bush II had 133, Clinton had 198; Bush I had 148"" ",FALSE
I liked a video Justin Bieber - Sorry (Latino Remix / Audio) ft. J ,FALSE
big-guy-stuff: stretchmine ,FALSE
Happythursday ,FALSE
can't wait to be the old gay aunt living on a boat in a harbor w 12 cats; 7 birds drawing gay erotica while listening ,FALSE
"PiS is getting priests to encourage parishers to go to Warsaw ""on free buses"" to see Trump speak ",FALSE
the liberal party are far left terrorist and threat to America. ,TRUE
"Post-industrial liberal democracy is fundamentally dysgenic, due to active redistribution to the botto?",TRUE
Bitch u dont even have a ,TRUE
"Most Catholics are disgusted ; ashamed about paedophile priests Most Muslims will deny, ignore or deflect the subject ",FALSE
"not neo liberal ofc, thats an evil commie slur used to oppress the poor ",FALSE
"- The is covering up Pedophile child abusing ""priests"". Awaken the world about the true nature of the ",TRUE
(Grio) Police raid drug-fueled ay orgy?at Vatican priest apt. ,FALSE
The collapse in UK car registrations in the most recent quarter suggests something is very wrong in Britain. ,FALSE
: Trump: US considering retty severe?action on North Korea WARSAW U.S. President Donald Trump ,FALSE
Learn to be a bitch sometimes. Not all the time you're ,TRUE
someone: you are such a bitch! me: ,TRUE
Large Ireland Map Image | Large Ireland Map HD Picture ,FALSE
Justin Bieber via Instagram ,FALSE
i'm that petty bitch that would still speak to u and i know u don't LIKE ME ,FALSE
Cancer patients in Ireland are paying up to ?3 a week in car parking charges to attend appointments in hospitals all over ,FALSE
"Given most of their coverage, it looks like it's the BBC themselves that don't want Brexit to actually happen. ",FALSE
"In El Fili, everything is either gay or bi Even Donya V Good ",FALSE
From cyber security expert to chef: the in-demand careers of the future ,FALSE
MY CONDOLENCES IF U LOST ME AND FOUND OUT U COULDN'T FIND A BITCH LIKE ME ,FALSE
CLICK HERE FULL VIDEO ,FALSE
: Trump savages US trade deals as 'most terrible in history' and warns: 'THAT WILL CHANGE' PRESIDENT ,FALSE
Absolutely. that it should be embraced. Different priests have different gifts - but?,FALSE
love u gay ,FALSE
THREE LIBERAL JUDGES PLAYING TAG FOOTBALL AT HARVARD! ,FALSE
Theresa May fights Camilla! Pippa puts a gypsy curse on Kate! Here's my review of last night's ,FALSE
sickest song don't me ,FALSE
Not possible': The EU just demolished key aim of Tory Brexit strategy ,FALSE
"!""Come here, where are you from?"" Donald Trump \'flirts\' with female reporter in Oval Office (WATCH VIDEO) ",FALSE
miss u big gay ,FALSE
"Jia Morado is really the best setter in the Philippines. I mean bitch, this girl chooses no first ball! ",FALSE
That guy scares me. What is his agenda and does he have liberal open minded values in his heart. H?,FALSE
EXO IS COMING BACK FOR REAL BXNNSJSJS BITCH I AM ALL READY TO SUPPORT MY ,FALSE
BOOOOOOOOOOOOOM Prez Trump ANNIHILATES Failed Obama Crooked Hillary on World Stage in ,FALSE
Fight for the soul of the Liberal Party hostage not a leader ,FALSE
The Obama sommelier ,FALSE
"BBC bosses defend not revealing Peter Capaldi replacement, saying that post-Brexit it just impossible to attract ",FALSE
Fans Mob Justin Bieber As He Steps Out Of Nando In Sydney ,FALSE
"""Babe she\'s just my frie.."" ""TELL THAT BITCH YOU ALREADY GOT A FRIEND"" ",FALSE
Happy Gay Vegan Day 2017!,FALSE
"One minute you nice,next minute you a ",TRUE
"Obama, Dems Ignoring - Working Around the U.S. RETWEET ",FALSE
Today's The Day by on Hits Camp Tunes ,FALSE
Sexy Guys,FALSE
cops bust drug-fueled gay orgy at home of missionaries ,FALSE
Brexit devaluation. End of story,FALSE
Novo Nordisk has confirmed certain pens distributed in Ireland have been affected ,FALSE
"Brexit negotiator in post-exit trade warning ?Sky News Business (SkyNewsBiz) July 6, ",FALSE
yes all ghosts are gay you ,TRUE
"Was Russia solely responsible for campaign meddling? ""Nobody really knows,"" Trump said. Live updates: ",FALSE
My primer was $40 bitch this face ain't moving an inch ,FALSE
Justin Bieber Battles Man Flu On Stage At BST Hyde Park 2017 | Contactmu.. Related Articles: ,FALSE
Justin Bieber's 2U is constantly plying on this music channel and I can't help it to squeal every time I spot Stella ooops ,FALSE
is frontrunner for ,FALSE
"There\'s: ""Hoe"" ""Slut"" ""Bitch"" ""Cunt"" ""Whore"" Abuse Sexual assault Dehumanization You get the idea. Y\'all treat like ",FALSE
I find the ranking of priests vs journalists particularly ironic here... ,FALSE
"Ray Kurzweil, talks to The Drum about brand trust, how AI can help advertisers; technology aiding human evolution?",FALSE
The man who won the Brexit referendum for Leave who now thinks it was a mistake ,FALSE
Donald Trump: Russia may have interfered with 2016 Presidential election ,FALSE
"Integration Architect, Dublin - ",FALSE
You can't take advantage of first class if you've only signed up to economy. Nor should you be able to. ,TRUE
Well said we can be incredibly selfish sometimes in Ireland. the EU has and continues to be good for ,FALSE
"Katie Hopkins (formerly Anthony): British actor/actress, most notably portraying Hannibal in ",FALSE
; bet you a heterosexual orgy in the vatican would see the priests get counseling and th?,FALSE
"(13) More photos of Justin Bieber spotted out in Sydney, Australia today. (July 6) ",FALSE
Thread from one of the wisest Twitter commentators on Brexit.,FALSE
Excellent. Well said. All credit to those who are constantly ,FALSE
"When priveleged white men have ideas; ""Let\'s give Muslim women freedom of choice, by not letting them choose""... o_O ",FALSE
a list of fandom things that make me uncomfortable: 1. omega verse/mpreg 2. gender swaps 3. y/n insert fics 4. 13 yr ,FALSE
We need to vett our Supreme Court and weed out the political Liberal ,TRUE
"Trump in Poland again blamed Obama for Russian hacking issues, ""why didn\'t he do something about it?"" DT, what are YOU ",FALSE
100 on my whrist 80 on me whrist lil pump never spend his Money on his ,FALSE
"South-Africa, - darling of the liberal world in 1994, - State Capture Report in 2 Minutes via ",FALSE
"Maybe he thinks this is really cool; 'liberal,' but stuff like this just reinforces notion of sexuality as a choice ",FALSE
When my bitch Candace hype me up I can't with her she does the ,FALSE
"He HATES Obama because he doesn't have the brains,the class,the intellect of Obama. ",TRUE
"Careful. He/she is *this* close to defending American values from you, ",TRUE
MARK LIVE ACCOUSTIC SINGING JUSTIN BIEBER LOVE YOURSELF,FALSE
Almost told her bitch your man is almost 50... They stopped me because ....... The age thing is a touchy issue in that ,FALSE
"""Donald Trump is a selfish man\'s president"" ",TRUE
WATCH: Former Labor leader Mark Latham says he's getting 'overwhelmed' with invitations to Liberal Party events. Live ,FALSE
Some in politics would rather see Brexit delivered even if it meant Britain failed. ,FALSE
Trent Partridge Trump: Russia 'and others' meddled in election ,FALSE
"""The man who led the drive to pull Britain out of the EU is admitting that it may well not work"" ",FALSE
"Also True, She Worked With Senator Lindsey Graham To Do It (More Bipartisan Evidence) ",FALSE
"LIVE NOW: Liberal members don't want Abbott to stop, while most ministers don't want him to stay. Is it time for a ",FALSE
"""Then gathered the chief priests and the Pharisees a council, and said, What do we? for this man doeth many miracles."" ~John ",FALSE
"The word "" bitch"" has no gender .... These niggas bitches too ",FALSE
Fired FBI Director Comey decided to bury 47 hard drives with PROOF of Obama's spying. Furious yet? Watch this: ,FALSE
is dying. The British public realise they ,FALSE
Trump's first mistake was bringing Obama with him on this trip.Badmouthing?,FALSE
police bust 'drug-fueled orgy' at top priest's apartment ,FALSE
Donald Trump to warn that future of west is in doubt in Warsaw speech ,FALSE
Bitch where? ,FALSE
Just in case you missed the 'Vote Leave Chief admits Brexit was an error' story... ,FALSE
Anytime a nigga in a pic with the bad bitch hand...just know he don't give two fucks,FALSE
Swim Ireland CEO Sarah Keane gets our Inspiring Girls In Sport Conference underway ,FALSE
"K-ELF , You will Destroy Super Junior !!!!! because you. fucking bitch ! ",TRUE
BITCH THE FUCK DID I DO TO ,TRUE
"Technically, does an orgy have a minimum number of participants? ",FALSE
High attendance at session with Joyce Epstein Aine Lynch from Ireland and Eileen Prior from ,FALSE
I think every belieber loves this about him! Justin ,FALSE
Five red hot American unk?bands you need to know including via ,FALSE
"President Donald Trump says the U.S. is working with Poland to address Russia\'s ""destabilising ",FALSE
Which are you in debate? HT ,FALSE
"*slides $20 to One more gay character I'm begging u, plz just confirm it - it can be anyone but it'll",FALSE
"Tomorrow, my Husband and I are heading off to beautiful Ireland for a well deserved holiday. However, there is no...",FALSE
His first mistake was bringing Obama with him on this trip.Badmouthing Obama may please his base here but Obama is,FALSE
Psst! I'm in the Republic of Ireland! The fact that you've screwed No?,FALSE
Indeed. The Mail/Sun/Star/Telegraph/Express to name but a few media outlets are vehemently anti Brexit.,FALSE
i need a FUCKING hug,FALSE
"(12) More photos of Justin Bieber spotted out in Sydney, Australia today. (July 6)",FALSE
Mor Justin Bieber Justin Bieber Justin ,FALSE
Male model murdered 'for being too good-looking'... ,FALSE
And yet there ARE ,FALSE
Irish building sites face more chaos as crane drivers vote to ramp up strikes ,FALSE
Trump meets Poland's Duda in Warsaw - U.S. President Donald Trump meets Polish President Andrzej Duda ahead of ... ,FALSE
bitch i hate when something happens and im CALM and then someone yells to me and i get so ,TRUE
"They will be more happy if China attacks India,defeat for Modi but victory for this liberal gang, why?",FALSE
"""Life Is Worth Living"" by Justin Bieber has just been certified Gold in the US, the 12th song from \'Purpose\' to receive ",FALSE
"Wonderful to hear Sharan Burrow, leader of the global trade union movement, address us here in Belfast, Ireland at the ",FALSE
It's nothing to do with Toby Emily it's to do with you and that bitch sending hate to ,FALSE
"""It is the end of CNN"" is exactly what Vince McMahon &amp; Donald Trump were planning 10 years ago when they made the ",FALSE
"Wearing make up does not make you gay. Make up is literally just a tool to dress up. Amazing, isn't ",FALSE
My fav made my Venmo balance $100 to say goodnight he's the best weak bitch ever. ,TRUE
Continuing good news: UK shrugged off with record in the first half of 2017 ,FALSE
PMD has become one of the region most influential medical device manufacturers ,FALSE
Do I think it's right to cheat? I plead the 5th. Such moral pontifications are best left to priests and politicians. I'm here to ,FALSE
Ah the priests in the Vatican must be opposing it too then ,FALSE
Yeah next thing you'll see is the president on a ,FALSE
"""We said Hi to Justin; he said \'Hey, what\'s up?\' We told him we loved his jumper he smiled at us!"" - fans who met ",FALSE
"So, this group can not self control, the cult has no internal sherif, there for the cult of the Roman Catholic... ",TRUE
Both and get their orders from China. Purchased at a Price ,FALSE
New Zealand MPs apologise for hurt caused by gay sex convictions ,FALSE
"Pray for Steve Scalise, he's back in the ICU. All because a liberal disagreed with his opinion. The left should be ",FALSE
"Katie Hopkins, who's wages you pay called for a 'final solution' in regard to Mus?",FALSE
Vatican police 'break up gay orgy at home of secretary of one of Pope Francis's key advisers' ,FALSE
Less of a meme. More me and f*ck you - nicely. Katie Hopkins calls CNN Clinton News Network ,FALSE
when will you accept you're part of the problem There are NO upsides to for bar ,FALSE
"Why was this same press not critical of Obama, who set up a culture of corruption in the ",FALSE
"Didn't expect this from Sushma Swaraj, one of the most liberal ministers in the NDA. ",FALSE
"WATCH: Uniting Ireland. Economically viable, or fiscal deal-breaker? - I spoke with Irish Republican MEP ",FALSE
Media spent more time looking for a Reddit user than it ever did finding the truth behind Obama's illegal cash ,FALSE
FEMALE PRIESTS ARE NOW IN DF GLOBAL And I really don't want to play DFO ,FALSE
Check out this job title at RSA Insurance Ireland.: I'm sure it's indury not inury ,FALSE
The arrogance and lack of respect for our system of governance that Obama is demonstratin?,TRUE
Vatican police 'break up gay orgy' at home of one of Pope Francis' advisors ,FALSE
The problem is that all of us (liberal and conservative) have been conditioned not to th?,FALSE
. purple dots on this map show where birds ringed in Britain Ireland have been found - isn't migration amazing? ,FALSE
Jesuit priests solve murders in the film adaptation of FH Batacan's Palanca-award winning novel | READ: ,FALSE
Girls with resting bitch face are lowkey the best to date. They only smile at you the rest of the time look like they ,FALSE
County Galway?one of Ireland most beautiful and popular areas. Discover what it has to offer ,FALSE
dont listen to them they're a little ,FALSE
New book reveals Massive Clinton/Obama cover-up ,FALSE
Obama Bundler Judge William Orrick Wrong on Sanctuary City Funding ,FALSE
And we look forward to you accepting the need for as turns out to be the disaster any ,FALSE
Pls play me Justin Bieber despacito please ,FALSE
"EU chief neg ""in classical negotiation \'no deal\' would mean stauts quo. In Brexit \'no deal\' means return to a ",FALSE
"What is Liam Fox smoking? Without the overt support of the Daily Mail, Telegraph, Sun and other rags, Brexit would?",FALSE
"Hearts in Ireland | Ian Cathro talks Perry Kitchen, midfield reinforcements Kyle Lafferty debut ",FALSE
You were never an atheist but confuse horny abnormal masturbator anti gay in denial ,TRUE
The whole speech made me cry. Obama didn't respect our Vets or any of our men and women in ,TRUE
But he had a go at Bad ,FALSE
i got so many groups i wanna stan espeCIALLY SEVENTEEN ,FALSE
"Vastly underreported for much too long: Persecution of gay men, LGBT+ people in Putin violates human rights ",FALSE
"The priesthood has, ironically, long been a sanctity for gay Catholics. Many gays became priests but?",FALSE
"Liberal dummy spitters can't get what they want so fuck everything and leave the country in shit, sick of these ass ",FALSE
Andrew Garfield Causes Twitter Frenzy After Claiming He Gay ,FALSE
"2. In Russia remarks, Trump appears angrier with Obama's response than Putin's meddling. hy did Obama do nothing about ",FALSE
"(10) More photos of Justin Bieber spotted out in Sydney, Australia today. (July 6) ",FALSE
"Without associates, Priests can celebrate 4-7 Masses per weekend. The Pope's instruction to prefer concelebration is ",FALSE
