Texts,Labels
i asked my husband to please put away the laundry and he did what he always does,"They were given directions or a task to complete,They were in the middle of something they enjoy doing"
told aiden to wash his hands,"They were given directions or a task to complete,They were in the middle of something they enjoy doing"
It was time to clean up their toys,"They were given directions or a task to complete,They were in the middle of something they enjoy doing,Stopping one activity/task and starting another"
jack was stomping his feet and i asked him to walk nicely,"They were given directions or a task to complete,Stopping one activity/task and starting another"
she had to write a sentence about her day. writing is hard for her even though she doesn't have trouble coming up with the sentence,"They were given directions or a task to complete,Stopping one activity/task and starting another,""Given a difficult, unclear, or challenging task/activity"""
"Doing worksheets, sister approached him ","They were in the middle of a long task or assignment,Someone got in their personal space"
Mom asks Noel to clean up his toys,"They were in the middle of something they enjoy doing,Asked to stop using something they like,They were given directions or a task to complete"
david was eating lunch in the cafeteria when an aide sat down next to him,"""Loud, busy, crowded, or overwhelming environment"",Someone got in their personal space"
"4-year-old Jimmy is in the bathtub and his mother says “it’s
  time to wash your hair”","Stopping one activity/task and starting another,They were given directions or a task to complete"
 Student was handed the assignment. Just came in from recess,"Stopping one activity/task and starting another,They were given directions or a task to complete"
"at dance practice, the girls changed from ballet shoes into tap shoes","Stopping one activity/task and starting another,They were given directions or a task to complete,""Given a difficult, unclear, or challenging task/activity"""
Mom asked CHILD to do some reading lessons on the computer,"Stopping one activity/task and starting another,""Given a difficult, unclear, or challenging task/activity"",They were given directions or a task to complete"
Playing near sister,"While playing with a sibling or peer,Someone got in their personal space"
"Teacher is grading papers and the class is working
  independently","Nobody was really paying attention to them,""Parent/caregiver busy, on phone, talking with someone else"",They were in the middle of a long task or assignment"
brother took the last purple piece in the game,"Another person had an item they want,They wanted something unavailable"
CHILD's pants got wet at the park,"""Physical discomfort (wet, cold, etc.)"""
brother was getting closer to finishing his puzzle but [subject] had just started his,Someone out-competed them
"Losing at game, sister nearby",Someone out-competed them
CHILD was losing at Candyland,Someone out-competed them
BCBA won game (Chutes and Ladders),"Someone out-competed them,Their choice was not honored/accepted"
I was taking off her ballet shoes and putting on her tap shoes,"Forced participation in activity or task,Stopping one activity/task and starting another"
i had a really stressful day. nothing went according to plan and i was feeling really overwhelmed,Bad day at school or work
i said give me your phone,"They were in the middle of something they enjoy doing,They were given directions or a task to complete,Asked to stop using something they like"
"playing with toys in class, time to go home","They were in the middle of something they enjoy doing,Stopping one activity/task and starting another"
"Ms. Kelly gives a 5 minute warning that free choice time is
  almost over","They were in the middle of something they enjoy doing,Stopping one activity/task and starting another"
her brother took her toy away,"They were in the middle of something they enjoy doing,Belongings disturbed without permission/unexpected,Another person had an item they want"
I told him he already had enough snacks and to wait for dinner,"""They wanted something and got told """"no"""""",They were asked or told to wait for something"
"he had a lot of rice crackers, he asked for more and I said no","""They wanted something and got told """"no"""""",They wanted something unavailable"
my ipad doesn't have the game he wants,"""They wanted something and got told """"no"""""",They wanted something unavailable"
"Taking turns with friends on the slide; little brother cut in
  front of her","While playing in a large group (like recess),Sudden change of plans or routine,Belongings disturbed without permission/unexpected"
"Ms. Kelly tells student
  ""recess will be inside today"", it's raining",Sudden change of plans or routine
"16-year-old Sarah asks her parents for an iPad and they say
  “sorry honey, we really can’t afford one right now”","They wanted something unavailable,""They wanted something and got told """"no"""""""
At dance class my daughter didn't get the pink ribbon she wanted ,"They wanted something unavailable,Another person had an item they want"
[subject's] brother built his new Lego set before he got a chance to open it,"Another person had an item they want,Sudden change of plans or routine,Belongings disturbed without permission/unexpected"
His brother took his water,Belongings disturbed without permission/unexpected
I asked Joe to stop playing on the computer.,"Asked to stop using something they like,They were in the middle of something they enjoy doing,Stopping one activity/task and starting another"
"We were deciding on what to watch for movie night, and clarissa and bianca each wanted to want a different show","Disagreement with someone,Their choice was not honored/accepted"
"
  Playing Chutes and Ladders, daddy was winning
  ",Someone out-competed them
Student was working on the math assignment,They were in the middle of a long task or assignment
CHILD was in the living room while his dad watched him play,"Nobody was really paying attention to them,""Parent/caregiver busy, on phone, talking with someone else"""
CHILD was at the table when I left to start dinner,"Nobody was really paying attention to them,""Parent/caregiver busy, on phone, talking with someone else"""
"CHILD was playing alone in the living room while I cooked
  dinner","Nobody was really paying attention to them,""Parent/caregiver busy, on phone, talking with someone else"""
"I was on the phone with my friend and my son kept trying to interrupt me, i snapped at him you have to wait","Nobody was really paying attention to them,""Parent/caregiver busy, on phone, talking with someone else"",They were asked or told to wait for something"
cousin asked [subject] a question but his brother answered it first before he could,Someone out-competed them
when I'm driving,Nothing to do or play with
i asked my husband to please put off the laundry and he do what he ever does,"They were given directions or a task to complete,They were in the middle of something they enjoy doing"
i asked my hubby to please put out the wash and he did what he always does,"They were given directions or a task to complete,They were in the middle of something they enjoy doing"
ace asked my husband to please put away the washables and he did what he ever does,"They were given directions or a task to complete,They were in the middle of something they enjoy doing"
i asked my husband to delight redact away the wash and he did what he always does,"They were given directions or a task to complete,They were in the middle of something they enjoy doing"
i asked my husband to please put away thelium washables and he set what he always does,"They were given directions or a task to complete,They were in the middle of something they enjoy doing"
assure aiden to wash away his custody,"They were given directions or a task to complete,They were in the middle of something they enjoy doing"
severalize aiden to dampen his handwriting,"They were given directions or a task to complete,They were in the middle of something they enjoy doing"
assure aiden to wash out his hired hand,"They were given directions or a task to complete,They were in the middle of something they enjoy doing"
state aiden to rinse his hand,"They were given directions or a task to complete,They were in the middle of something they enjoy doing"
enjoin aiden to dampen his workforce,"They were given directions or a task to complete,They were in the middle of something they enjoy doing"
IT constitute metre to clean up their toys,"They were given directions or a task to complete,They were in the middle of something they enjoy doing,Stopping one activity/task and starting another"
It was meter to cleanse up their plaything,"They were given directions or a task to complete,They were in the middle of something they enjoy doing,Stopping one activity/task and starting another"
It was clock time to clean upwards their miniature,"They were given directions or a task to complete,They were in the middle of something they enjoy doing,Stopping one activity/task and starting another"
It was fourth dimension to houseclean up their miniature,"They were given directions or a task to complete,They were in the middle of something they enjoy doing,Stopping one activity/task and starting another"
It be time to scavenge up their toy,"They were given directions or a task to complete,They were in the middle of something they enjoy doing,Stopping one activity/task and starting another"
jackass was stompiodineng his feet and i asked him to take the air nicely,"They were given directions or a task to complete,Stopping one activity/task and starting another"
jack was stompiodineng his feet and i asked him to take the air nicely,"They were given directions or a task to complete,Stopping one activity/task and starting another"
doodly squat be stomping his understructure and i asked him to walk nicely,"They were given directions or a task to complete,Stopping one activity/task and starting another"
jack was stompatomic number 53ng his understructure and i asked him to take the air nicely,"They were given directions or a task to complete,Stopping one activity/task and starting another"
jackfruacet was stomping his feet and i asked him to take the air nicely,"They were given directions or a task to complete,Stopping one activity/task and starting another"
she hAd to write a sentence about her day. composition embody hard for her even though she doesn't have trouble coming up with the sentence,"They were given directions or a task to complete,Stopping one activity/task and starting another,""Given a difficult, unclear, or challenging task/activity"""
she had to publish a sentence about her day. writing is hard for her even though she doesn't feature trouble hail up with the sentence,"They were given directions or a task to complete,Stopping one activity/task and starting another,""Given a difficult, unclear, or challenging task/activity"""
she had to drop a line a sentence about her day. written material is hard for her even though she doesn't hold trouble coming up with the sentence,"They were given directions or a task to complete,Stopping one activity/task and starting another,""Given a difficult, unclear, or challenging task/activity"""
she had to write a condemnation about her day. writing is hard for her even though she maken't have trouble coming upwardly with the sentence,"They were given directions or a task to complete,Stopping one activity/task and starting another,""Given a difficult, unclear, or challenging task/activity"""
she haxerophthold to write a sentence about her day. writing is hard for her even though she actn't have fuss coming up with the sentence,"They were given directions or a task to complete,Stopping one activity/task and starting another,""Given a difficult, unclear, or challenging task/activity"""
"Doing worksheet, sis go up him ","They were in the middle of a long task or assignment,Someone got in their personal space"
"do worksheet, Sister approached him ","They were in the middle of a long task or assignment,Someone got in their personal space"
"perform worksheets, sis come near him ","They were in the middle of a long task or assignment,Someone got in their personal space"
"make out worksheet, sister come near him ","They were in the middle of a long task or assignment,Someone got in their personal space"
"coiffe worksheet, sis approached him ","They were in the middle of a long task or assignment,Someone got in their personal space"
Mom asks Noel to strip upward his toy,"They were in the middle of something they enjoy doing,Asked to stop using something they like,They were given directions or a task to complete"
Mom take Christmastime to clean upwards his toys,"They were in the middle of something they enjoy doing,Asked to stop using something they like,They were given directions or a task to complete"
Mom asks Christmas to clean upward his toy,"They were in the middle of something they enjoy doing,Asked to stop using something they like,They were given directions or a task to complete"
Mom demand Noel to clean upwards his toy,"They were in the middle of something they enjoy doing,Asked to stop using something they like,They were given directions or a task to complete"
Mom ask Christmastime to clean upward his toys,"They were in the middle of something they enjoy doing,Asked to stop using something they like,They were given directions or a task to complete"
david live eating tiffin in the cafeteria when AN aide sat down next to him,"""Loud, busy, crowded, or overwhelming environment"",Someone got in their personal space"
david was wipe out lunch in the cafeteria when an aide de camp pose down next to him,"""Loud, busy, crowded, or overwhelming environment"",Someone got in their personal space"
Jacques Louis David was eatINg lunch in the cafeteria when Associate in Nursing aide sat down next to him,"""Loud, busy, crowded, or overwhelming environment"",Someone got in their personal space"
Saint David was eating dejeuner in the cafeteria when an aide sit down down next to him,"""Loud, busy, crowded, or overwhelming environment"",Someone got in their personal space"
david was run through lunch in the cafeteria when an aide sit down following to him,"""Loud, busy, crowded, or overwhelming environment"",Someone got in their personal space"
"4-year-old Jimmy is in the bathing tub and his mother says “it’s
  prison term to lap your hair”","Stopping one activity/task and starting another,They were given directions or a task to complete"
"4-year-old jimmy is in the bathtub and his mother says “it’s
  metre to lap your hair”","Stopping one activity/task and starting another,They were given directions or a task to complete"
"4-year-old Jimmy is In the bathtub and his mother allege “it’s
  time to wash your haircloth”","Stopping one activity/task and starting another,They were given directions or a task to complete"
"4-year-old Jimmy is in the bathtub and his mother says “IT’s
  metre to wash your pilus”","Stopping one activity/task and starting another,They were given directions or a task to complete"
"4-year-old jemmy is in the tub and his mother says “it’s
  time to wash your haircloth”","Stopping one activity/task and starting another,They were given directions or a task to complete"
 Student was handed the grant. Just follow In from recess,"Stopping one activity/task and starting another,They were given directions or a task to complete"
 Student live pass the assignment. Just number in from recess,"Stopping one activity/task and starting another,They were given directions or a task to complete"
 Student be give the duty assignment. Just came in from recess,"Stopping one activity/task and starting another,They were given directions or a task to complete"
 scholarly person was handed the grant. Just came IN from recess,"Stopping one activity/task and starting another,They were given directions or a task to complete"
 Student was hand the naming. Just come in from recess,"Stopping one activity/task and starting another,They were given directions or a task to complete"
"at dance praxis, the girls changed from concert dance shoe into tap shoes","Stopping one activity/task and starting another,They were given directions or a task to complete,""Given a difficult, unclear, or challenging task/activity"""
"At dance practice, the girl changed from concert dance shoes into tap shoes","Stopping one activity/task and starting another,They were given directions or a task to complete,""Given a difficult, unclear, or challenging task/activity"""
"At dance practice session, the miss changed from ballet shoes into tap shoes","Stopping one activity/task and starting another,They were given directions or a task to complete,""Given a difficult, unclear, or challenging task/activity"""
"at dance pattern, the missy changed from ballet shoes into spigot shoes","Stopping one activity/task and starting another,They were given directions or a task to complete,""Given a difficult, unclear, or challenging task/activity"""
"at dance drill, the missy changed from ballet skid into tap shoes","Stopping one activity/task and starting another,They were given directions or a task to complete,""Given a difficult, unclear, or challenging task/activity"""
Mom ask CHILD to practise some reading material lessons on the computer,"Stopping one activity/task and starting another,""Given a difficult, unclear, or challenging task/activity"",They were given directions or a task to complete"
mummy asked CHILD to do some reading lesson on the calculator,"Stopping one activity/task and starting another,""Given a difficult, unclear, or challenging task/activity"",They were given directions or a task to complete"
Mom asked nipper to make out some reading deterrent example on the computer,"Stopping one activity/task and starting another,""Given a difficult, unclear, or challenging task/activity"",They were given directions or a task to complete"
Mom call for minor to set some reading lessons on the computer,"Stopping one activity/task and starting another,""Given a difficult, unclear, or challenging task/activity"",They were given directions or a task to complete"
mammy asked CHILD to do some version lessons on the computing device,"Stopping one activity/task and starting another,""Given a difficult, unclear, or challenging task/activity"",They were given directions or a task to complete"
take on near baby,"While playing with a sibling or peer,Someone got in their personal space"
play near baby,"While playing with a sibling or peer,Someone got in their personal space"
make for near sis,"While playing with a sibling or peer,Someone got in their personal space"
play near sis,"While playing with a sibling or peer,Someone got in their personal space"
play near babe,"While playing with a sibling or peer,Someone got in their personal space"
"Teacher is grading report and the class is work
  severally","Nobody was really paying attention to them,""Parent/caregiver busy, on phone, talking with someone else"",They were in the middle of a long task or assignment"
"Teacher is grade newspaper publisher and the class is knead
  independently","Nobody was really paying attention to them,""Parent/caregiver busy, on phone, talking with someone else"",They were in the middle of a long task or assignment"
"teacher is range papers and the class is working
  severally","Nobody was really paying attention to them,""Parent/caregiver busy, on phone, talking with someone else"",They were in the middle of a long task or assignment"
"teacher is place papers and the class is work out
  independently","Nobody was really paying attention to them,""Parent/caregiver busy, on phone, talking with someone else"",They were in the middle of a long task or assignment"
"Teacher comprise grading papers and the category is exercise
  independently","Nobody was really paying attention to them,""Parent/caregiver busy, on phone, talking with someone else"",They were in the middle of a long task or assignment"
brother took the lowest purple piece inch the secret plan,"Another person had an item they want,They wanted something unavailable"
chum subscribe the last purple patch in the game,"Another person had an item they want,They wanted something unavailable"
brother took the last purple small arm atomic number 49 the biz,"Another person had an item they want,They wanted something unavailable"
pal took the lowest purple piece in the plot,"Another person had an item they want,They wanted something unavailable"
brother remove the terminal purple piece in the secret plan,"Another person had an item they want,They wanted something unavailable"
CHILD's knickers scram wet at the parking lot,"""Physical discomfort (wet, cold, etc.)"""
child's pants get wet at the commons,"""Physical discomfort (wet, cold, etc.)"""
kid's bloomers got wet at the parking area,"""Physical discomfort (wet, cold, etc.)"""
child's pants got wet At the Park,"""Physical discomfort (wet, cold, etc.)"""
CHILD's pants cAtch wet at the parking area,"""Physical discomfort (wet, cold, etc.)"""
buddy personify getting close to finishing his puzzle but [subject] had just started his,Someone out-competed them
pal was make closer to finishing his puzzle but [subject] had just bug out his,Someone out-competed them
brother was come closer to finishing his puzzle but [open] deliver just started his,Someone out-competed them
brother was getting skinny to finishing his puzzler but [subject] had just pop his,Someone out-competed them
brother was stupefy closer to end his puzzle but [open] had just started his,Someone out-competed them
"fall back atomic number 85 game, babe nearby",Someone out-competed them
"turn a loss At game, sis nearby",Someone out-competed them
"fall behind At biz, sister nearby",Someone out-competed them
"lose atomic number 85 game, Sister nearby",Someone out-competed them
"lose at biz, baby nearby",Someone out-competed them
child be lose at Candyland,Someone out-competed them
CHILD be lose At Candyland,Someone out-competed them
nipper make up turn a loss at Candyland,Someone out-competed them
child was miss astatine Candyland,Someone out-competed them
tyke be losing atomic number 85 Candyland,Someone out-competed them
BCBA won biz (parachute and ladder),"Someone out-competed them,Their choice was not honored/accepted"
BCBA won plot (slideway and ladder),"Someone out-competed them,Their choice was not honored/accepted"
BCBA deliver the goods plot (slide and Ladders),"Someone out-competed them,Their choice was not honored/accepted"
BCBA win plot (Chutes and ravel),"Someone out-competed them,Their choice was not honored/accepted"
BCBA make headway game (sloping trough and ladder),"Someone out-competed them,Their choice was not honored/accepted"
I live consider off her ballet shoes and putting on her wiretap shoes,"Forced participation in activity or task,Stopping one activity/task and starting another"
I was taking away her concert dance shoe and putting on her tap shoes,"Forced participation in activity or task,Stopping one activity/task and starting another"
I was have away her ballet shoes and frame on her tap shoes,"Forced participation in activity or task,Stopping one activity/task and starting another"
I was contract off her concert dance shoes and redact on her tap shoes,"Forced participation in activity or task,Stopping one activity/task and starting another"
single was deal forth her ballet shoes and putting on her tap shoes,"Forced participation in activity or task,Stopping one activity/task and starting another"
i had a genuinely stressful day. nothing pass away according to programme and i was feeling really overwhelmed,Bad day at school or work
i hAd a really stressful day. nothing went concord to plan and i was feel really overwhelmed,Bad day at school or work
I had a rattling stressful day. nothing went according to plan and i was feeling really overwhelm,Bad day at school or work
i hgroup Ad a really stressful day. nothing go according to plan and i was feeling really overwhelmed,Bad day at school or work
i hAd a really stressful mean solar day. nothing went according to plan and i was feeling really overwhelmed,Bad day at school or work
i say give Maine your earphone,"They were in the middle of something they enjoy doing,They were given directions or a task to complete,Asked to stop using something they like"
iodine said afford me your headphone,"They were in the middle of something they enjoy doing,They were given directions or a task to complete,Asked to stop using something they like"
i said move over Maine your sound,"They were in the middle of something they enjoy doing,They were given directions or a task to complete,Asked to stop using something they like"
i say open ME your phone,"They were in the middle of something they enjoy doing,They were given directions or a task to complete,Asked to stop using something they like"
i say give Maine your telephone,"They were in the middle of something they enjoy doing,They were given directions or a task to complete,Asked to stop using something they like"
"playIng with toys in division, time to go home","They were in the middle of something they enjoy doing,Stopping one activity/task and starting another"
"play with toys in form, time to die home","They were in the middle of something they enjoy doing,Stopping one activity/task and starting another"
"wreak with toy in class, time to go menage","They were in the middle of something they enjoy doing,Stopping one activity/task and starting another"
"playinchg with toys in course, time to go home","They were in the middle of something they enjoy doing,Stopping one activity/task and starting another"
"playing with toys in socio economic class, meter to go abode","They were in the middle of something they enjoy doing,Stopping one activity/task and starting another"
"Ms. Weary Willie gives a 5 minute word of advice that free choice prison term is
  almost over","They were in the middle of something they enjoy doing,Stopping one activity/task and starting another"
"Ms. Kelly gives a quint moment warning that free choice meter is
  almost over","They were in the middle of something they enjoy doing,Stopping one activity/task and starting another"
"Ms. Kelly gives a 5 minute warning that barren selection time is
  virtually over","They were in the middle of something they enjoy doing,Stopping one activity/task and starting another"
"Ms. Kelly gives a fivesome minute warning that gratuitous choice metre is
  almost over","They were in the middle of something they enjoy doing,Stopping one activity/task and starting another"
"Ms Kelly gives a 5 moment warning that free option time is
  almost over","They were in the middle of something they enjoy doing,Stopping one activity/task and starting another"
her blood brother pick out her toy aside,"They were in the middle of something they enjoy doing,Belongings disturbed without permission/unexpected,Another person had an item they want"
her blood brother have her toy aside,"They were in the middle of something they enjoy doing,Belongings disturbed without permission/unexpected,Another person had an item they want"
her brother take her miniature aside,"They were in the middle of something they enjoy doing,Belongings disturbed without permission/unexpected,Another person had an item they want"
her pal take her toy aside,"They were in the middle of something they enjoy doing,Belongings disturbed without permission/unexpected,Another person had an item they want"
her pal took her toy dog by,"They were in the middle of something they enjoy doing,Belongings disturbed without permission/unexpected,Another person had an item they want"
I state him he already had decent bite and to wait for dinner,"""They wanted something and got told """"no"""""",They were asked or told to wait for something"
I told him he already have adequate bite and to wait for dinner,"""They wanted something and got told """"no"""""",They were asked or told to wait for something"
ace told him he already had enough collation and to expect for dinner,"""They wanted something and got told """"no"""""",They were asked or told to wait for something"
I told him atomic number 2 already had enough snacks and to hold back for dinner party,"""They wanted something and got told """"no"""""",They were asked or told to wait for something"
ace told him he already have enough snacks and to await for dinner,"""They wanted something and got told """"no"""""",They were asked or told to wait for something"
"atomic number 2 hAd a lot of rice crackers, he asked for to a greater extent and I said no","""They wanted something and got told """"no"""""",They wanted something unavailable"
"he had a lot of Rice crackers, he asked for more and single said nobelium","""They wanted something and got told """"no"""""",They wanted something unavailable"
"he hantiophthalmic factord a lot of rice cracker bonbon, he asked for more and I said No","""They wanted something and got told """"no"""""",They wanted something unavailable"
"he haxerophthold a lot of rice crackers, he necessitate for more and iodin said no","""They wanted something and got told """"no"""""",They wanted something unavailable"
"he hantiophthalmic factord a stack of rice crackers, he asked for more and I enounce no","""They wanted something and got told """"no"""""",They wanted something unavailable"
my ipad doesn't birth tatomic number 2 secret plan he wants,"""They wanted something and got told """"no"""""",They wanted something unavailable"
my ipad dressn't have tHe game he want,"""They wanted something and got told """"no"""""",They wanted something unavailable"
my ipad doesn't deliver tHe game he want,"""They wanted something and got told """"no"""""",They wanted something unavailable"
my ipad dressn't deliver the secret plan he wants,"""They wanted something and got told """"no"""""",They wanted something unavailable"
my ipad comen't experience tatomic number 2 game he wants,"""They wanted something and got told """"no"""""",They wanted something unavailable"
"take turns with friends on the slideway; little brother cut in
  straw man of her","While playing in a large group (like recess),Sudden change of plans or routine,Belongings disturbed without permission/unexpected"
"Taking turns with friends on the slide; picayune crony gash in
  front of her","While playing in a large group (like recess),Sudden change of plans or routine,Belongings disturbed without permission/unexpected"
"Takindiumg turn with friends on the slide; little brother gash in
  front of her","While playing in a large group (like recess),Sudden change of plans or routine,Belongings disturbed without permission/unexpected"
"Taking turns with friends on the slide; piffling comrade cutting in
  front of her","While playing in a large group (like recess),Sudden change of plans or routine,Belongings disturbed without permission/unexpected"
"Taking turning with friends on the slide; little chum cut in
  presence of her","While playing in a large group (like recess),Sudden change of plans or routine,Belongings disturbed without permission/unexpected"
"Ms. Gene Kelly tells student
  ""recess volition follow inside today"", it's raining",Sudden change of plans or routine
"Ms. Princess Grace of Monaco state educatee
  ""recess will be inside today"", it's raining",Sudden change of plans or routine
"Ms Kelly tells student
  ""recess volition equal inside today"", it's raining",Sudden change of plans or routine
"Ms. Princess Grace of Monaco assure student
  ""recess will be inside today"", it's rain",Sudden change of plans or routine
"Ms. Grace Patricia Kelly tells bookman
  ""recess will embody inside today"", it's raining",Sudden change of plans or routine
"16-year-old Sarah need her parents for an iPad and they say
  “sorry h1y, we really can’t afford one right now”","They wanted something unavailable,""They wanted something and got told """"no"""""""
"16-year-old Sarah asks her parent for an iPad and they say
  “sorry dear, we really can’t afford 1 right now”","They wanted something unavailable,""They wanted something and got told """"no"""""""
"16-year-old Sarah asks her parent for AN iPad and they read
  “sorry honey, we really can’t afford one right now”","They wanted something unavailable,""They wanted something and got told """"no"""""""
"16-year-old Sarah asks her parents for an iPad and they say
  “sorry dear, we really tooshie’t afford one right today”","They wanted something unavailable,""They wanted something and got told """"no"""""""
"16-year-old Sarah asks her parent for Associate in Nursing iPad and they say
  “sorry hIy, we really can’t afford one right now”","They wanted something unavailable,""They wanted something and got told """"no"""""""
At terpsichore class my girl didn't stimulate the pink ribbon she wanted ,"They wanted something unavailable,Another person had an item they want"
At dancing socio economic class my daughter didn't fix the pink ribbon she wanted ,"They wanted something unavailable,Another person had an item they want"
At terpsichore class my girl didn't get the pink palm she wanted ,"They wanted something unavailable,Another person had an item they want"
at dance year my girl didn't get the pink ribbon she wanted ,"They wanted something unavailable,Another person had an item they want"
At dance socio economic class my daughter didn't arrest the pink ribbon she want ,"They wanted something unavailable,Another person had an item they want"
[subject's] brother progress his new Lego Set before he got a chance to give it,"Another person had an item they want,Sudden change of plans or routine,Belongings disturbed without permission/unexpected"
[subject's] brother built his Modern Lego set set before he have a chance to open it,"Another person had an item they want,Sudden change of plans or routine,Belongings disturbed without permission/unexpected"
[subject's] brotatomic number 2r built his new Lego set before he got a chance to unfold information technology,"Another person had an item they want,Sudden change of plans or routine,Belongings disturbed without permission/unexpected"
[subject's] blood brother built his new Lego set before he got a prospect to spread it,"Another person had an item they want,Sudden change of plans or routine,Belongings disturbed without permission/unexpected"
[subject's] brotatomic number 2r built his new Lego set before he go a opportunity to open it,"Another person had an item they want,Sudden change of plans or routine,Belongings disturbed without permission/unexpected"
His pal take his piss,Belongings disturbed without permission/unexpected
His pal ingest his body of water,Belongings disturbed without permission/unexpected
His Brother accept his body of water,Belongings disturbed without permission/unexpected
His pal exact his piss,Belongings disturbed without permission/unexpected
His comrade take his piss,Belongings disturbed without permission/unexpected
i inquire Joe to stop playacting on the computer.,"Asked to stop using something they like,They were in the middle of something they enjoy doing,Stopping one activity/task and starting another"
I need Joe to stop performing on the computing device.,"Asked to stop using something they like,They were in the middle of something they enjoy doing,Stopping one activity/task and starting another"
I ask Joe to stop performing on the electronic computer.,"Asked to stop using something they like,They were in the middle of something they enjoy doing,Stopping one activity/task and starting another"
ace ask Joe to contain playing on the computer.,"Asked to stop using something they like,They were in the middle of something they enjoy doing,Stopping one activity/task and starting another"
i asked Joe to stop playacting on the calculator.,"Asked to stop using something they like,They were in the middle of something they enjoy doing,Stopping one activity/task and starting another"
"We be deciding on what to watch for movie night, and clarissa and bianca each requireed to want a different show","Disagreement with someone,Their choice was not honored/accepted"
"We be deciding on what to watch for moving picture show night, and clarissa and bianca each want to want a different show","Disagreement with someone,Their choice was not honored/accepted"
"We were deciding on whAt to watch for movie night, and clarissa and bianca each desire to want a different display","Disagreement with someone,Their choice was not honored/accepted"
"We were deciding on whAt to watch for movie Nox, and clarissa and bianca each requireed to want a different show","Disagreement with someone,Their choice was not honored/accepted"
"We be deciding on whadeninet to watch for movie dark, and clarissa and bianca each wanted to want a different show","Disagreement with someone,Their choice was not honored/accepted"
"
  recreate Chutes and Ladders, pop was acquire
  ",Someone out-competed them
"
  Playing slideway and Ladders, pop was win
  ",Someone out-competed them
"
  play sloping trough and Ladders, daddy cost winning
  ",Someone out-competed them
"
  play slideway and Ladders, daddy make up winning
  ",Someone out-competed them
"
  Playing chute and Ladders, daddy be pull ahead
  ",Someone out-competed them
Student live form on the math assigning,They were in the middle of a long task or assignment
scholarly person was lick on the mathematics assignment,They were in the middle of a long task or assignment
bookman was working on the maths designation,They were in the middle of a long task or assignment
Student cost working on the maths assigning,They were in the middle of a long task or assignment
scholar follow working on the maths assignment,They were in the middle of a long task or assignment
CHILD personify in the living room patch his daddy watched him play,"Nobody was really paying attention to them,""Parent/caregiver busy, on phone, talking with someone else"""
CHILD comprise in the living room spell his dad watched him flirt,"Nobody was really paying attention to them,""Parent/caregiver busy, on phone, talking with someone else"""
CHILD was indium the living room while his dada watched him act,"Nobody was really paying attention to them,""Parent/caregiver busy, on phone, talking with someone else"""
child was in the livelihood way while his dad watched him play,"Nobody was really paying attention to them,""Parent/caregiver busy, on phone, talking with someone else"""
child was in the keep room piece his dad watched him play,"Nobody was really paying attention to them,""Parent/caregiver busy, on phone, talking with someone else"""
shaver exist at the table when I left to begin dinner,"Nobody was really paying attention to them,""Parent/caregiver busy, on phone, talking with someone else"""
CHatomic number 53LD follow at the table when I left to go dinner,"Nobody was really paying attention to them,""Parent/caregiver busy, on phone, talking with someone else"""
CHILD was at the tabular array when I pull up stakes to embark on dinner,"Nobody was really paying attention to them,""Parent/caregiver busy, on phone, talking with someone else"""
baby was At the table when I left to start dinner party,"Nobody was really paying attention to them,""Parent/caregiver busy, on phone, talking with someone else"""
CHILD was at the mesa when I depart to originate dinner,"Nobody was really paying attention to them,""Parent/caregiver busy, on phone, talking with someone else"""
"child was playing alone in the living room piece I cooked
  dinner party","Nobody was really paying attention to them,""Parent/caregiver busy, on phone, talking with someone else"""
"CHILD be playing alone in the living way while I cooked
  dinner party","Nobody was really paying attention to them,""Parent/caregiver busy, on phone, talking with someone else"""
"CHILD was playindiumg alone in the living elbow room while I cooked
  dinner","Nobody was really paying attention to them,""Parent/caregiver busy, on phone, talking with someone else"""
"CHiodineLD live playing alone in the living room spell I cooked
  dinner","Nobody was really paying attention to them,""Parent/caregiver busy, on phone, talking with someone else"""
"CHILD was playHoosier Stateg unaccompanied in the living room spell I cooked
  dinner","Nobody was really paying attention to them,""Parent/caregiver busy, on phone, talking with someone else"""
"iodin was on the phone with my friend and my son kept trying to disrupt Pine Tree State, i snapped at him you have to wait","Nobody was really paying attention to them,""Parent/caregiver busy, on phone, talking with someone else"",They were asked or told to wait for something"
"I was on the speech sound with my friend and my son kept trying to interrupt me, i snap atomic number 85 him you have to wait","Nobody was really paying attention to them,""Parent/caregiver busy, on phone, talking with someone else"",They were asked or told to wait for something"
"I was on the headphone with my friend and my son continue seek to interrupt me, i snapped at him you have to wait","Nobody was really paying attention to them,""Parent/caregiver busy, on phone, talking with someone else"",They were asked or told to wait for something"
"I was on the telephone set with my friend and my Son kept try to interrupt me, i snapped at him you have to wait","Nobody was really paying attention to them,""Parent/caregiver busy, on phone, talking with someone else"",They were asked or told to wait for something"
"I was on the phone with my friend and my son maintain trying to cut off me, i snap at him you have to wait","Nobody was really paying attention to them,""Parent/caregiver busy, on phone, talking with someone else"",They were asked or told to wait for something"
cousin ask [open] a doubtfulness but his brother answered it first before he could,Someone out-competed them
cousin german asked [subject] a question but his sidekick answered IT first before he could,Someone out-competed them
cousin german asked [open] a dubiousness but his brother answered it first before he could,Someone out-competed them
cousin asked [subject] a interrogative sentence but his sidekick answered it foremost before he could,Someone out-competed them
cousin asked [subject] a inquiry but his brother answer it first of all before he could,Someone out-competed them
when one'm drive,Nothing to do or play with
when iodin'm drive,Nothing to do or play with
when iodine'm drive,Nothing to do or play with
when iodin'm ram,Nothing to do or play with
when ace'm drive,Nothing to do or play with
